loan_id,term_months,origination_date,origination_month,snapshot_date_mob12,cumulative_paid_mob12
9,12,2023-01-26,2023-01-01,2024-01-31,840.31
25,12,2023-02-04,2023-02-01,2024-02-29,1066.37
34,12,2023-03-29,2023-03-01,2024-03-31,704.19
45,12,2023-03-17,2023-03-01,2024-03-31,866.15
47,12,2023-03-04,2023-03-01,2024-03-31,274.89
54,12,2023-04-11,2023-04-01,2024-04-30,601.97
62,12,2023-04-11,2023-04-01,2024-04-30,352.54
64,12,2023-04-13,2023-04-01,2024-04-30,1415.03
65,12,2023-05-15,2023-05-01,2024-05-31,347.46
69,12,2023-05-09,2023-05-01,2024-05-31,247.50
76,12,2023-05-22,2023-05-01,2024-05-31,431.28
77,12,2023-05-31,2023-05-01,2024-05-31,297.88
78,12,2023-05-19,2023-05-01,2024-05-31,1374.16
83,12,2023-05-22,2023-05-01,2024-05-31,438.22
93,12,2023-06-12,2023-06-01,2024-06-30,787.82
94,12,2023-06-30,2023-06-01,2024-06-30,766.23
96,12,2023-06-05,2023-06-01,2024-06-30,619.58
107,12,2023-06-14,2023-06-01,2024-06-30,371.74
110,12,2023-06-16,2023-06-01,2024-06-30,387.08
112,12,2023-06-01,2023-06-01,2024-06-30,804.06
122,12,2023-07-17,2023-07-01,2024-07-31,89.62
126,12,2023-07-18,2023-07-01,2024-07-31,897.21
135,12,2023-07-15,2023-07-01,2024-07-31,459.10
153,12,2023-08-27,2023-08-01,2024-08-31,597.70
154,12,2023-08-25,2023-08-01,2024-08-31,301.79
172,12,2023-08-05,2023-08-01,2024-08-31,610.60
176,12,2023-08-28,2023-08-01,2024-08-31,467.28
180,12,2023-09-19,2023-09-01,2024-09-30,709.53
188,12,2023-09-25,2023-09-01,2024-09-30,184.41
191,12,2023-09-24,2023-09-01,2024-09-30,359.08
195,12,2023-09-03,2023-09-01,2024-09-30,1209.64
205,12,2023-09-26,2023-09-01,2024-09-30,689.67
209,12,2023-09-18,2023-09-01,2024-09-30,1193.94
212,12,2023-09-29,2023-09-01,2024-09-30,398.13
222,12,2023-09-04,2023-09-01,2024-09-30,884.13
231,12,2023-10-18,2023-10-01,2024-10-31,337.97
236,12,2023-10-29,2023-10-01,2024-10-31,409.42
240,12,2023-10-09,2023-10-01,2024-10-31,96.37
251,12,2023-10-28,2023-10-01,2024-10-31,532.81
254,12,2023-10-10,2023-10-01,2024-10-31,587.78
259,12,2023-10-24,2023-10-01,2024-10-31,887.31
262,12,2023-10-01,2023-10-01,2024-10-31,399.27
272,12,2023-10-30,2023-10-01,2024-10-31,518.73
278,12,2023-10-31,2023-10-01,2024-10-31,212.90
281,12,2023-10-03,2023-10-01,2024-10-31,644.33
284,12,2023-11-16,2023-11-01,2024-11-30,779.26
304,12,2023-11-13,2023-11-01,2024-11-30,1056.33
310,12,2023-11-12,2023-11-01,2024-11-30,525.64
312,12,2023-11-27,2023-11-01,2024-11-30,490.05
328,12,2023-11-13,2023-11-01,2024-11-30,279.27
332,12,2023-11-01,2023-11-01,2024-11-30,640.28
350,12,2023-11-22,2023-11-01,2024-11-30,1098.31
364,12,2023-11-23,2023-11-01,2024-11-30,439.25
375,12,2023-12-20,2023-12-01,2024-12-31,572.93
381,12,2023-12-03,2023-12-01,2024-12-31,890.04
388,12,2023-12-11,2023-12-01,2024-12-31,450.81
389,12,2023-12-13,2023-12-01,2024-12-31,462.87
401,12,2023-12-26,2023-12-01,2024-12-31,1349.38
409,12,2023-12-09,2023-12-01,2024-12-31,1257.08
411,12,2023-12-24,2023-12-01,2024-12-31,526.14
432,12,2023-12-18,2023-12-01,2024-12-31,444.66
457,12,2023-12-09,2023-12-01,2024-12-31,320.18
480,12,2024-01-09,2024-01-01,2025-01-31,511.50
481,12,2024-01-25,2024-01-01,2025-01-31,508.56
482,12,2024-01-21,2024-01-01,2025-01-31,489.11
485,12,2024-01-04,2024-01-01,2025-01-31,548.90
488,12,2024-01-01,2024-01-01,2025-01-31,257.99
500,12,2024-01-03,2024-01-01,2025-01-31,397.58
537,12,2024-01-04,2024-01-01,2025-01-31,65.54
552,12,2024-01-07,2024-01-01,2025-01-31,309.83
553,12,2024-01-04,2024-01-01,2025-01-31,941.64
567,12,2024-02-18,2024-02-01,2025-02-28,1064.91
574,12,2024-02-19,2024-02-01,2025-02-28,726.50
585,12,2024-02-24,2024-02-01,2025-02-28,703.74
588,12,2024-02-10,2024-02-01,2025-02-28,1132.10
593,12,2024-02-14,2024-02-01,2025-02-28,482.75
594,12,2024-02-09,2024-02-01,2025-02-28,438.68
602,12,2024-02-25,2024-02-01,2025-02-28,712.89
605,12,2024-02-15,2024-02-01,2025-02-28,534.20
615,12,2024-02-08,2024-02-01,2025-02-28,480.61
628,12,2024-02-04,2024-02-01,2025-02-28,1231.50
640,12,2024-03-10,2024-03-01,2025-03-31,1112.34
644,12,2024-03-09,2024-03-01,2025-03-31,648.38
656,12,2024-03-16,2024-03-01,2025-03-31,504.21
660,12,2024-03-02,2024-03-01,2025-03-31,505.33
665,12,2024-03-11,2024-03-01,2025-03-31,577.12
666,12,2024-03-05,2024-03-01,2025-03-31,1045.02
680,12,2024-03-02,2024-03-01,2025-03-31,575.50
714,12,2024-03-12,2024-03-01,2025-03-31,444.93
715,12,2024-03-19,2024-03-01,2025-03-31,300.93
730,12,2024-03-11,2024-03-01,2025-03-31,608.89
744,12,2024-03-04,2024-03-01,2025-03-31,729.96
750,12,2024-04-07,2024-04-01,2025-04-30,1172.30
759,12,2024-04-13,2024-04-01,2025-04-30,661.75
765,12,2024-04-29,2024-04-01,2025-04-30,789.17
783,12,2024-04-28,2024-04-01,2025-04-30,525.21
784,12,2024-04-09,2024-04-01,2025-04-30,425.98
786,12,2024-04-26,2024-04-01,2025-04-30,491.26
793,12,2024-04-07,2024-04-01,2025-04-30,213.62
816,12,2024-04-04,2024-04-01,2025-04-30,0
817,12,2024-04-12,2024-04-01,2025-04-30,592.22
829,12,2024-04-16,2024-04-01,2025-04-30,474.00
852,12,2024-04-06,2024-04-01,2025-04-30,610.77
859,12,2024-04-11,2024-04-01,2025-04-30,868.27
864,12,2024-04-28,2024-04-01,2025-04-30,712.68
873,12,2024-04-06,2024-04-01,2025-04-30,553.31
890,12,2024-05-31,2024-05-01,2025-05-31,711.85
895,12,2024-05-06,2024-05-01,2025-05-31,998.94
920,12,2024-05-01,2024-05-01,2025-05-31,349.73
930,12,2024-05-09,2024-05-01,2025-05-31,894.58
934,12,2024-05-09,2024-05-01,2025-05-31,1031.70
944,12,2024-05-09,2024-05-01,2025-05-31,573.46
967,12,2024-05-15,2024-05-01,2025-05-31,837.12
969,12,2024-05-15,2024-05-01,2025-05-31,852.70
971,12,2024-05-02,2024-05-01,2025-05-31,440.29
976,12,2024-05-11,2024-05-01,2025-05-31,377.35
992,12,2024-05-17,2024-05-01,2025-05-31,549.59
1014,12,2024-06-21,2024-06-01,2025-06-30,554.60
1031,12,2024-06-25,2024-06-01,2025-06-30,358.94
1035,12,2024-06-10,2024-06-01,2025-06-30,678.36
1048,12,2024-06-07,2024-06-01,2025-06-30,821.92
1050,12,2024-06-17,2024-06-01,2025-06-30,535.86
1055,12,2024-06-16,2024-06-01,2025-06-30,680.07
1056,12,2024-06-17,2024-06-01,2025-06-30,971.75
1073,12,2024-06-05,2024-06-01,2025-06-30,387.73
1089,12,2024-06-05,2024-06-01,2025-06-30,704.89
1091,12,2024-06-10,2024-06-01,2025-06-30,498.04
1097,12,2024-06-18,2024-06-01,2025-06-30,485.58
1100,12,2024-06-10,2024-06-01,2025-06-30,552.75
1105,12,2024-06-18,2024-06-01,2025-06-30,589.12
1117,12,2024-06-22,2024-06-01,2025-06-30,68.50
1124,12,2024-07-14,2024-07-01,2025-07-31,598.56
1127,12,2024-07-07,2024-07-01,2025-07-31,161.85
1147,12,2024-07-03,2024-07-01,2025-07-31,422.13
1193,12,2024-07-14,2024-07-01,2025-07-31,603.43
1198,12,2024-07-07,2024-07-01,2025-07-31,639.34
1209,12,2024-07-07,2024-07-01,2025-07-31,352.23
1210,12,2024-07-20,2024-07-01,2025-07-31,615.69
1212,12,2024-07-26,2024-07-01,2025-07-31,576.74
1216,12,2024-07-16,2024-07-01,2025-07-31,1120.09
1217,12,2024-07-30,2024-07-01,2025-07-31,367.22
1229,12,2024-07-17,2024-07-01,2025-07-31,679.36
1233,12,2024-07-12,2024-07-01,2025-07-31,389.33
1249,12,2024-07-09,2024-07-01,2025-07-31,669.14
1259,12,2024-07-30,2024-07-01,2025-07-31,819.73
1260,12,2024-07-22,2024-07-01,2025-07-31,1256.94
1263,12,2024-07-03,2024-07-01,2025-07-31,623.98
1272,12,2024-07-14,2024-07-01,2025-07-31,1714.14
1277,12,2024-07-21,2024-07-01,2025-07-31,472.71
1278,12,2024-07-11,2024-07-01,2025-07-31,730.87
1295,12,2024-08-09,2024-08-01,2025-08-31,656.81
1305,12,2024-08-11,2024-08-01,2025-08-31,361.99
1313,12,2024-08-07,2024-08-01,2025-08-31,856.19
1316,12,2024-08-30,2024-08-01,2025-08-31,559.40
1317,12,2024-08-09,2024-08-01,2025-08-31,888.11
1319,12,2024-08-10,2024-08-01,2025-08-31,477.03
1321,12,2024-08-23,2024-08-01,2025-08-31,495.71
1329,12,2024-08-05,2024-08-01,2025-08-31,973.17
1333,12,2024-08-08,2024-08-01,2025-08-31,845.51
1344,12,2024-08-17,2024-08-01,2025-08-31,749.60
1351,12,2024-08-03,2024-08-01,2025-08-31,913.01
1354,12,2024-08-18,2024-08-01,2025-08-31,803.41
1364,12,2024-08-10,2024-08-01,2025-08-31,609.79
1369,12,2024-08-17,2024-08-01,2025-08-31,1020.16
1381,12,2024-08-03,2024-08-01,2025-08-31,1384.96
1384,12,2024-08-23,2024-08-01,2025-08-31,526.32
1392,12,2024-08-15,2024-08-01,2025-08-31,516.32
1400,12,2024-08-27,2024-08-01,2025-08-31,912.66
1402,12,2024-08-07,2024-08-01,2025-08-31,942.01
1413,12,2024-08-08,2024-08-01,2025-08-31,270.46
1418,12,2024-08-16,2024-08-01,2025-08-31,461.67
1430,12,2024-08-03,2024-08-01,2025-08-31,479.80
1431,12,2024-08-15,2024-08-01,2025-08-31,710.71
1444,12,2024-09-30,2024-09-01,2025-09-30,623.50
1460,12,2024-09-15,2024-09-01,2025-09-30,53.35
1475,12,2024-09-14,2024-09-01,2025-09-30,186.88
1481,12,2024-09-05,2024-09-01,2025-09-30,1221.21
1498,12,2024-09-01,2024-09-01,2025-09-30,753.72
1502,12,2024-09-24,2024-09-01,2025-09-30,112.92
1513,12,2024-09-05,2024-09-01,2025-09-30,1196.86
1515,12,2024-09-28,2024-09-01,2025-09-30,973.88
1538,12,2024-09-12,2024-09-01,2025-09-30,999.56
1546,12,2024-09-25,2024-09-01,2025-09-30,939.68
1550,12,2024-09-27,2024-09-01,2025-09-30,429.69
1555,12,2024-09-04,2024-09-01,2025-09-30,579.98
1564,12,2024-09-04,2024-09-01,2025-09-30,1120.52
1569,12,2024-09-19,2024-09-01,2025-09-30,1105.53
1585,12,2024-09-19,2024-09-01,2025-09-30,0
1627,12,2024-09-06,2024-09-01,2025-09-30,606.68
1631,12,2024-09-17,2024-09-01,2025-09-30,601.52
1634,12,2024-09-02,2024-09-01,2025-09-30,193.93
1644,12,2024-10-19,2024-10-01,2025-10-31,995.22
1646,12,2024-10-20,2024-10-01,2025-10-31,1014.77
1649,12,2024-10-04,2024-10-01,2025-10-31,522.08
1654,12,2024-10-24,2024-10-01,2025-10-31,830.17
1659,12,2024-10-15,2024-10-01,2025-10-31,579.63
1665,12,2024-10-25,2024-10-01,2025-10-31,425.27
1667,12,2024-10-20,2024-10-01,2025-10-31,518.00
1678,12,2024-10-04,2024-10-01,2025-10-31,779.34
1684,12,2024-10-25,2024-10-01,2025-10-31,768.93
1702,12,2024-10-22,2024-10-01,2025-10-31,955.33
1716,12,2024-10-19,2024-10-01,2025-10-31,731.25
1717,12,2024-10-31,2024-10-01,2025-10-31,866.70
1723,12,2024-10-23,2024-10-01,2025-10-31,535.54
1725,12,2024-10-15,2024-10-01,2025-10-31,802.90
1746,12,2024-10-29,2024-10-01,2025-10-31,670.02
1763,12,2024-10-16,2024-10-01,2025-10-31,340.19
1768,12,2024-10-21,2024-10-01,2025-10-31,489.57
1782,12,2024-10-10,2024-10-01,2025-10-31,348.41
1788,12,2024-10-17,2024-10-01,2025-10-31,518.70
1793,12,2024-10-26,2024-10-01,2025-10-31,760.83
1799,12,2024-10-05,2024-10-01,2025-10-31,1226.14
1812,12,2024-10-30,2024-10-01,2025-10-31,1046.87
1823,12,2024-10-31,2024-10-01,2025-10-31,533.03
1843,12,2024-10-15,2024-10-01,2025-10-31,734.85
1849,12,2024-10-29,2024-10-01,2025-10-31,969.57
1858,12,2024-10-15,2024-10-01,2025-10-31,786.29
1868,12,2024-11-10,2024-11-01,2025-11-30,614.36
1872,12,2024-11-07,2024-11-01,2025-11-30,336.53
1874,12,2024-11-27,2024-11-01,2025-11-30,246.52
1880,12,2024-11-08,2024-11-01,2025-11-30,573.40
1892,12,2024-11-26,2024-11-01,2025-11-30,792.55
1910,12,2024-11-17,2024-11-01,2025-11-30,420.30
1915,12,2024-11-10,2024-11-01,2025-11-30,71.49
1928,12,2024-11-29,2024-11-01,2025-11-30,64.30
1932,12,2024-11-28,2024-11-01,2025-11-30,595.58
1946,12,2024-11-02,2024-11-01,2025-11-30,1359.07
1950,12,2024-11-17,2024-11-01,2025-11-30,1138.38
1959,12,2024-11-12,2024-11-01,2025-11-30,506.74
1964,12,2024-11-11,2024-11-01,2025-11-30,503.00
1970,12,2024-11-27,2024-11-01,2025-11-30,475.86
1973,12,2024-11-08,2024-11-01,2025-11-30,1072.52
1980,12,2024-11-05,2024-11-01,2025-11-30,404.60
1982,12,2024-11-27,2024-11-01,2025-11-30,1180.18
1985,12,2024-11-29,2024-11-01,2025-11-30,555.50
1996,12,2024-11-01,2024-11-01,2025-11-30,685.09
1997,12,2024-11-06,2024-11-01,2025-11-30,320.00
1999,12,2024-11-07,2024-11-01,2025-11-30,401.92
2015,12,2024-11-23,2024-11-01,2025-11-30,1231.16
2037,12,2024-11-24,2024-11-01,2025-11-30,339.15
2042,12,2024-11-08,2024-11-01,2025-11-30,1208.53
2049,12,2024-11-08,2024-11-01,2025-11-30,406.18
2058,12,2024-11-18,2024-11-01,2025-11-30,650.76
2082,12,2024-11-28,2024-11-01,2025-11-30,427.05
2098,12,2024-11-05,2024-11-01,2025-11-30,500.02
2106,12,2024-11-03,2024-11-01,2025-11-30,305.64
2110,12,2024-11-09,2024-11-01,2025-11-30,983.95
2118,12,2024-11-22,2024-11-01,2025-11-30,336.75
2153,12,2024-12-22,2024-12-01,2025-12-31,640.49
2183,12,2024-12-02,2024-12-01,2025-12-31,403.38
2187,12,2024-12-15,2024-12-01,2025-12-31,612.80
2192,12,2024-12-29,2024-12-01,2025-12-31,438.19
2201,12,2024-12-09,2024-12-01,2025-12-31,667.33
2210,12,2024-12-10,2024-12-01,2025-12-31,473.35
2220,12,2024-12-25,2024-12-01,2025-12-31,448.53
2226,12,2024-12-11,2024-12-01,2025-12-31,296.08
2272,12,2024-12-17,2024-12-01,2025-12-31,627.96
2274,12,2024-12-01,2024-12-01,2025-12-31,472.58
2283,12,2024-12-22,2024-12-01,2025-12-31,797.89
2291,12,2024-12-25,2024-12-01,2025-12-31,740.46
2307,12,2024-12-13,2024-12-01,2025-12-31,349.79
2311,12,2024-12-03,2024-12-01,2025-12-31,697.31
2319,12,2024-12-31,2024-12-01,2025-12-31,588.66
2337,12,2024-12-16,2024-12-01,2025-12-31,528.02
2338,12,2024-12-10,2024-12-01,2025-12-31,414.35
2353,12,2024-12-06,2024-12-01,2025-12-31,423.54
2363,12,2024-12-10,2024-12-01,2025-12-31,449.05
2370,12,2024-12-30,2024-12-01,2025-12-31,834.19
2377,12,2024-12-18,2024-12-01,2025-12-31,436.74
2389,12,2024-12-07,2024-12-01,2025-12-31,1494.38
2396,12,2024-12-25,2024-12-01,2025-12-31,949.01
2398,12,2024-12-11,2024-12-01,2025-12-31,477.69
2401,12,2024-12-04,2024-12-01,2025-12-31,817.06
2414,12,2024-12-04,2024-12-01,2025-12-31,222.22
2428,12,2024-12-01,2024-12-01,2025-12-31,842.82
2435,12,2024-12-14,2024-12-01,2025-12-31,442.76
2443,12,2024-12-02,2024-12-01,2025-12-31,524.68
7177,12,2024-01-11,2024-01-01,2025-01-31,708.00
7178,24,2024-05-27,2024-05-01,2025-05-31,157.76
7179,12,2023-06-15,2023-06-01,2024-06-30,311.59
7180,36,2023-04-19,2023-04-01,2024-04-30,124.80
7181,36,2023-12-10,2023-12-01,2024-12-31,145.53
7182,12,2023-04-03,2023-04-01,2024-04-30,259.86
7183,24,2023-06-09,2023-06-01,2024-06-30,303.48
7184,24,2024-12-05,2024-12-01,2025-12-31,461.16
7185,36,2024-03-18,2024-03-01,2025-03-31,478.50
7186,24,2023-11-18,2023-11-01,2024-11-30,491.07
7187,12,2023-02-23,2023-02-01,2024-02-29,541.68
7189,24,2023-12-19,2023-12-01,2024-12-31,562.65
7191,24,2024-10-21,2024-10-01,2025-10-31,588.72
7192,12,2023-03-24,2023-03-01,2024-03-31,1219.81
7193,36,2024-01-04,2024-01-01,2025-01-31,122.04
7194,24,2023-05-10,2023-05-01,2024-05-31,415.68
7195,36,2023-06-06,2023-06-01,2024-06-30,334.50
7197,12,2023-07-08,2023-07-01,2024-07-31,320.89
7198,12,2023-07-14,2023-07-01,2024-07-31,819.96
7199,24,2023-11-26,2023-11-01,2024-11-30,161.26
7200,12,2024-05-24,2024-05-01,2025-05-31,317.04
7201,24,2023-09-06,2023-09-01,2024-09-30,333.63
7205,12,2023-05-04,2023-05-01,2024-05-31,318.82
7206,12,2024-07-01,2024-07-01,2025-07-31,302.30
7207,12,2023-04-26,2023-04-01,2024-04-30,1220.90
7208,24,2024-12-18,2024-12-01,2025-12-31,336.12
7209,24,2023-07-20,2023-07-01,2024-07-31,340.32
7210,24,2023-08-16,2023-08-01,2024-08-31,246.84
7211,12,2023-05-27,2023-05-01,2024-05-31,1212.84
7212,12,2024-12-08,2024-12-01,2025-12-31,321.48
7215,12,2023-11-21,2023-11-01,2024-11-30,565.92
7217,24,2023-05-20,2023-05-01,2024-05-31,246.36
7218,36,2024-10-31,2024-10-01,2025-10-31,131.34
7220,24,2023-11-29,2023-11-01,2024-11-30,242.35
7221,24,2023-06-11,2023-06-01,2024-06-30,304.59
7223,24,2023-10-17,2023-10-01,2024-10-31,173.88
7225,36,2023-10-26,2023-10-01,2024-10-31,110.18
7226,24,2024-12-25,2024-12-01,2025-12-31,166.43
7227,36,2024-06-11,2024-06-01,2025-06-30,200.10
7230,12,2024-12-25,2024-12-01,2025-12-31,560.89
7232,24,2024-05-01,2024-05-01,2025-05-31,229.71
7233,24,2024-05-01,2024-05-01,2025-05-31,145.20
7235,36,2023-06-14,2023-06-01,2024-06-30,271.35
7237,36,2024-12-05,2024-12-01,2025-12-31,218.88
7238,36,2023-06-14,2023-06-01,2024-06-30,288.61
7239,12,2024-06-02,2024-06-01,2025-06-30,488.84
7240,36,2024-12-10,2024-12-01,2025-12-31,239.14
7242,24,2024-09-07,2024-09-01,2025-09-30,321.72
7243,24,2024-11-20,2024-11-01,2025-11-30,282.32
7244,36,2024-02-27,2024-02-01,2025-02-28,194.16
7247,12,2024-04-26,2024-04-01,2025-04-30,929.33
7248,36,2024-12-31,2024-12-01,2025-12-31,237.60
7249,24,2023-07-27,2023-07-01,2024-07-31,183.77
7250,36,2024-01-24,2024-01-01,2025-01-31,377.07
7251,24,2024-12-12,2024-12-01,2025-12-31,529.92
7252,24,2024-09-18,2024-09-01,2025-09-30,959.28
7254,12,2024-06-17,2024-06-01,2025-06-30,246.76
7255,12,2024-02-22,2024-02-01,2025-02-28,487.49
7256,24,2023-07-07,2023-07-01,2024-07-31,582.34
7257,24,2023-07-28,2023-07-01,2024-07-31,160.27
7258,24,2023-10-26,2023-10-01,2024-10-31,282.71
7259,24,2023-06-15,2023-06-01,2024-06-30,198.84
7261,12,2024-03-16,2024-03-01,2025-03-31,632.16
7262,36,2024-01-21,2024-01-01,2025-01-31,208.28
7264,24,2023-07-19,2023-07-01,2024-07-31,312.96
7266,36,2023-12-07,2023-12-01,2024-12-31,254.93
7267,12,2023-10-30,2023-10-01,2024-10-31,676.00
7268,24,2024-10-06,2024-10-01,2025-10-31,164.78
7269,36,2023-12-09,2023-12-01,2024-12-31,218.76
7270,24,2023-06-30,2023-06-01,2024-06-30,498.36
7271,24,2024-06-30,2024-06-01,2025-06-30,261.10
7273,24,2024-04-09,2024-04-01,2025-04-30,186.36
7274,24,2023-12-20,2023-12-01,2024-12-31,215.82
7275,36,2023-07-27,2023-07-01,2024-07-31,255.22
7276,24,2023-12-08,2023-12-01,2024-12-31,315.85
7277,12,2024-05-18,2024-05-01,2025-05-31,339.68
7278,36,2023-10-25,2023-10-01,2024-10-31,206.16
7279,24,2024-10-13,2024-10-01,2025-10-31,426.24
7280,24,2024-06-21,2024-06-01,2025-06-30,199.93
7281,24,2023-11-28,2023-11-01,2024-11-30,350.04
7283,36,2024-11-26,2024-11-01,2025-11-30,220.44
7285,24,2023-09-01,2023-09-01,2024-09-30,500.39
7287,36,2023-09-18,2023-09-01,2024-09-30,172.68
7288,24,2024-07-21,2024-07-01,2025-07-31,313.80
7289,24,2024-04-30,2024-04-01,2025-04-30,158.75
7291,12,2024-01-06,2024-01-01,2025-01-31,306.32
7292,24,2024-10-25,2024-10-01,2025-10-31,172.80
7294,24,2024-10-06,2024-10-01,2025-10-31,188.16
7295,36,2023-08-26,2023-08-01,2024-08-31,256.92
7296,12,2024-08-13,2024-08-01,2025-08-31,301.10
7297,36,2023-06-07,2023-06-01,2024-06-30,86.90
7298,24,2023-12-05,2023-12-01,2024-12-31,288.90
7299,12,2023-09-18,2023-09-01,2024-09-30,677.16
7300,24,2024-02-16,2024-02-01,2025-02-28,214.68
7301,24,2024-02-28,2024-02-01,2025-02-28,292.08
7302,36,2023-11-11,2023-11-01,2024-11-30,152.40
7304,12,2024-10-09,2024-10-01,2025-10-31,957.08
7305,24,2023-12-28,2023-12-01,2024-12-31,180.73
7306,36,2024-03-28,2024-03-01,2025-03-31,157.30
7307,12,2024-11-09,2024-11-01,2025-11-30,843.56
7308,24,2024-01-19,2024-01-01,2025-01-31,305.03
7310,12,2024-01-30,2024-01-01,2025-01-31,761.09
7311,36,2023-11-11,2023-11-01,2024-11-30,190.29
7312,12,2024-01-23,2024-01-01,2025-01-31,689.88
7313,12,2024-01-31,2024-01-01,2025-01-31,1059.74
7315,36,2023-09-25,2023-09-01,2024-09-30,195.20
7316,24,2024-06-03,2024-06-01,2025-06-30,162.84
7317,24,2024-03-05,2024-03-01,2025-03-31,307.80
7318,12,2023-10-22,2023-10-01,2024-10-31,426.59
7320,12,2023-09-02,2023-09-01,2024-09-30,397.32
7321,24,2023-12-05,2023-12-01,2024-12-31,188.10
7323,24,2023-09-03,2023-09-01,2024-09-30,330.72
7324,24,2024-05-13,2024-05-01,2025-05-31,203.39
7325,12,2023-11-12,2023-11-01,2024-11-30,281.98
7326,12,2024-05-05,2024-05-01,2025-05-31,318.00
7329,36,2024-08-16,2024-08-01,2025-08-31,177.24
7330,24,2023-12-26,2023-12-01,2024-12-31,376.20
7331,36,2024-10-08,2024-10-01,2025-10-31,283.64
7332,12,2023-11-23,2023-11-01,2024-11-30,843.36
7334,24,2024-10-20,2024-10-01,2025-10-31,149.40
7336,12,2023-11-17,2023-11-01,2024-11-30,769.01
7337,24,2023-11-13,2023-11-01,2024-11-30,228.62
7338,36,2024-07-24,2024-07-01,2025-07-31,354.72
7339,12,2023-12-17,2023-12-01,2024-12-31,329.28
7342,12,2024-03-29,2024-03-01,2025-03-31,499.18
7343,12,2024-07-31,2024-07-01,2025-07-31,836.16
7344,24,2024-03-09,2024-03-01,2025-03-31,248.19
7347,24,2024-09-02,2024-09-01,2025-09-30,319.54
7348,12,2024-12-19,2024-12-01,2025-12-31,457.08
7350,24,2024-08-13,2024-08-01,2025-08-31,273.72
7351,24,2023-10-06,2023-10-01,2024-10-31,181.17
7355,36,2024-08-08,2024-08-01,2025-08-31,159.09
7356,12,2024-06-07,2024-06-01,2025-06-30,538.80
7357,24,2024-04-16,2024-04-01,2025-04-30,185.74
7361,24,2023-10-05,2023-10-01,2024-10-31,566.07
7362,24,2024-05-25,2024-05-01,2025-05-31,395.40
7364,24,2023-12-17,2023-12-01,2024-12-31,513.12
7365,24,2024-06-28,2024-06-01,2025-06-30,190.80
7366,36,2024-12-19,2024-12-01,2025-12-31,256.35
7367,24,2023-10-11,2023-10-01,2024-10-31,222.24
7368,24,2024-07-13,2024-07-01,2025-07-31,495.78
7369,24,2024-03-23,2024-03-01,2025-03-31,177.40
7370,24,2024-07-24,2024-07-01,2025-07-31,279.72
7372,24,2024-01-05,2024-01-01,2025-01-31,444.70
7373,12,2024-01-09,2024-01-01,2025-01-31,327.00
7375,36,2023-11-11,2023-11-01,2024-11-30,98.79
7376,12,2024-12-26,2024-12-01,2025-12-31,788.52
7379,36,2023-12-02,2023-12-01,2024-12-31,317.76
7380,12,2024-08-04,2024-08-01,2025-08-31,490.18
7381,24,2024-05-29,2024-05-01,2025-05-31,479.64
7382,36,2023-11-19,2023-11-01,2024-11-30,216.42
7383,12,2024-03-19,2024-03-01,2025-03-31,312.49
7384,12,2024-02-19,2024-02-01,2025-02-28,1114.77
7385,36,2023-12-16,2023-12-01,2024-12-31,166.25
7387,24,2024-04-30,2024-04-01,2025-04-30,222.20
7388,12,2024-01-31,2024-01-01,2025-01-31,454.84
7389,36,2024-06-26,2024-06-01,2025-06-30,139.08
7390,12,2023-11-06,2023-11-01,2024-11-30,394.46
7391,24,2024-01-10,2024-01-01,2025-01-31,198.51
7392,24,2024-03-06,2024-03-01,2025-03-31,170.52
7393,24,2024-10-25,2024-10-01,2025-10-31,158.19
7394,24,2024-02-25,2024-02-01,2025-02-28,299.53
7397,24,2023-11-24,2023-11-01,2024-11-30,194.64
7398,36,2024-03-28,2024-03-01,2025-03-31,104.94
7399,36,2024-06-14,2024-06-01,2025-06-30,117.60
7401,24,2024-12-13,2024-12-01,2025-12-31,248.40
7402,24,2024-03-19,2024-03-01,2025-03-31,480.93
7403,24,2024-11-30,2024-11-01,2025-11-30,342.60
7404,24,2023-11-18,2023-11-01,2024-11-30,488.95
7406,12,2024-10-23,2024-10-01,2025-10-31,1097.77
7407,24,2023-10-31,2023-10-01,2024-10-31,161.26
7409,24,2024-07-23,2024-07-01,2025-07-31,217.86
7412,24,2023-10-22,2023-10-01,2024-10-31,216.24
7413,24,2024-01-25,2024-01-01,2025-01-31,179.72
7414,24,2024-08-03,2024-08-01,2025-08-31,241.67
7415,24,2024-12-29,2024-12-01,2025-12-31,614.79
7417,36,2024-04-24,2024-04-01,2025-04-30,153.00
7418,24,2023-12-15,2023-12-01,2024-12-31,251.40
7420,12,2024-08-27,2024-08-01,2025-08-31,291.83
7421,24,2024-04-09,2024-04-01,2025-04-30,268.32
7422,36,2024-01-20,2024-01-01,2025-01-31,219.12
7424,12,2023-12-12,2023-12-01,2024-12-31,327.80
7425,12,2024-08-24,2024-08-01,2025-08-31,671.64
7426,24,2024-10-12,2024-10-01,2025-10-31,238.56
7430,24,2024-04-02,2024-04-01,2025-04-30,379.18
7431,36,2024-04-19,2024-04-01,2025-04-30,146.96
7432,24,2024-03-10,2024-03-01,2025-03-31,152.24
7433,36,2024-03-11,2024-03-01,2025-03-31,288.99
7435,24,2024-01-23,2024-01-01,2025-01-31,317.04
7436,12,2023-10-27,2023-10-01,2024-10-31,345.51
7437,24,2024-10-03,2024-10-01,2025-10-31,703.17
7438,24,2024-08-25,2024-08-01,2025-08-31,202.41
7439,24,2024-01-27,2024-01-01,2025-01-31,363.12
7440,36,2024-08-04,2024-08-01,2025-08-31,151.14
7441,12,2024-09-01,2024-09-01,2025-09-30,291.94
7442,12,2024-06-03,2024-06-01,2025-06-30,1332.69
7443,36,2024-08-15,2024-08-01,2025-08-31,158.93
7446,24,2024-07-29,2024-07-01,2025-07-31,297.86
7450,36,2023-12-21,2023-12-01,2024-12-31,124.64
7456,36,2024-09-05,2024-09-01,2025-09-30,284.40
7458,24,2024-02-15,2024-02-01,2025-02-28,317.16
7459,24,2024-01-30,2024-01-01,2025-01-31,170.44
7460,24,2024-01-04,2024-01-01,2025-01-31,167.78
7461,24,2024-06-09,2024-06-01,2025-06-30,263.67
7462,24,2024-10-30,2024-10-01,2025-10-31,224.79
7463,12,2023-11-20,2023-11-01,2024-11-30,531.58
7464,24,2024-06-07,2024-06-01,2025-06-30,196.61
7466,36,2024-03-23,2024-03-01,2025-03-31,166.32
7468,36,2024-12-11,2024-12-01,2025-12-31,388.44
7469,24,2024-03-20,2024-03-01,2025-03-31,305.52
7470,12,2024-08-04,2024-08-01,2025-08-31,243.81
7475,12,2024-08-09,2024-08-01,2025-08-31,401.59
7477,24,2024-08-06,2024-08-01,2025-08-31,276.54
7479,36,2023-12-11,2023-12-01,2024-12-31,230.30
7480,24,2024-08-18,2024-08-01,2025-08-31,167.00
7481,36,2024-01-03,2024-01-01,2025-01-31,256.90
7484,24,2024-02-23,2024-02-01,2025-02-28,229.56
7485,12,2024-08-22,2024-08-01,2025-08-31,719.11
7486,24,2024-01-02,2024-01-01,2025-01-31,164.40
7487,24,2024-01-18,2024-01-01,2025-01-31,506.60
7489,24,2024-07-10,2024-07-01,2025-07-31,458.88
7491,24,2024-06-22,2024-06-01,2025-06-30,173.32
7492,36,2024-09-13,2024-09-01,2025-09-30,212.40
7493,24,2024-06-17,2024-06-01,2025-06-30,720.12
7494,24,2024-08-26,2024-08-01,2025-08-31,421.72
7495,36,2024-07-01,2024-07-01,2025-07-31,167.31
7497,36,2024-06-30,2024-06-01,2025-06-30,152.02
7501,24,2024-08-03,2024-08-01,2025-08-31,514.44
7504,36,2023-12-04,2023-12-01,2024-12-31,109.69
7505,24,2024-03-28,2024-03-01,2025-03-31,251.57
7508,12,2024-08-08,2024-08-01,2025-08-31,548.16
7509,24,2023-12-25,2023-12-01,2024-12-31,413.28
7510,24,2023-12-27,2023-12-01,2024-12-31,258.00
7511,24,2024-08-10,2024-08-01,2025-08-31,279.24
7513,12,2024-01-16,2024-01-01,2025-01-31,483.48
7514,12,2024-03-05,2024-03-01,2025-03-31,352.20
7515,36,2024-01-26,2024-01-01,2025-01-31,335.88
7516,24,2024-03-10,2024-03-01,2025-03-31,679.28
7518,24,2024-03-29,2024-03-01,2025-03-31,251.76
7519,24,2024-07-15,2024-07-01,2025-07-31,131.91
7522,24,2024-12-12,2024-12-01,2025-12-31,422.64
7523,24,2024-10-19,2024-10-01,2025-10-31,567.93
7525,36,2024-11-21,2024-11-01,2025-11-30,121.92
7526,24,2024-08-09,2024-08-01,2025-08-31,203.88
7528,24,2024-03-03,2024-03-01,2025-03-31,189.12
7529,24,2024-11-25,2024-11-01,2025-11-30,216.11
7530,24,2024-05-04,2024-05-01,2025-05-31,163.80
7531,36,2024-01-31,2024-01-01,2025-01-31,195.96
7533,36,2024-09-29,2024-09-01,2025-09-30,249.04
7534,12,2024-07-06,2024-07-01,2025-07-31,576.43
7535,24,2024-03-22,2024-03-01,2025-03-31,214.44
7537,12,2024-11-20,2024-11-01,2025-11-30,277.08
7538,24,2024-02-05,2024-02-01,2025-02-28,215.73
7539,24,2024-07-12,2024-07-01,2025-07-31,537.48
7540,24,2024-11-05,2024-11-01,2025-11-30,232.56
7541,12,2024-08-09,2024-08-01,2025-08-31,359.64
7544,24,2024-02-15,2024-02-01,2025-02-28,221.80
7546,36,2024-04-15,2024-04-01,2025-04-30,188.74
7547,24,2024-08-02,2024-08-01,2025-08-31,174.66
7549,24,2024-08-01,2024-08-01,2025-08-31,187.33
7550,24,2024-11-01,2024-11-01,2025-11-30,271.96
7551,36,2024-06-26,2024-06-01,2025-06-30,342.24
7552,12,2024-07-06,2024-07-01,2025-07-31,793.73
7553,24,2024-06-09,2024-06-01,2025-06-30,481.44
7554,12,2024-07-18,2024-07-01,2025-07-31,367.95
7555,24,2024-03-27,2024-03-01,2025-03-31,322.08
7556,12,2024-11-11,2024-11-01,2025-11-30,474.96
7557,12,2024-07-15,2024-07-01,2025-07-31,582.91
7558,24,2024-08-30,2024-08-01,2025-08-31,303.60
7559,36,2024-02-21,2024-02-01,2025-02-28,143.22
7560,24,2024-02-29,2024-02-01,2025-02-28,192.17
7561,24,2024-12-10,2024-12-01,2025-12-31,377.52
7562,36,2024-09-29,2024-09-01,2025-09-30,254.50
7564,12,2024-09-15,2024-09-01,2025-09-30,295.02
7565,36,2024-01-28,2024-01-01,2025-01-31,120.20
7567,12,2024-05-29,2024-05-01,2025-05-31,324.00
7569,36,2024-08-11,2024-08-01,2025-08-31,353.76
7570,12,2024-12-29,2024-12-01,2025-12-31,663.08
7571,24,2024-02-09,2024-02-01,2025-02-28,440.03
7573,24,2024-08-10,2024-08-01,2025-08-31,290.76
7574,36,2024-06-30,2024-06-01,2025-06-30,273.92
7575,12,2024-01-30,2024-01-01,2025-01-31,356.76
7576,24,2024-05-16,2024-05-01,2025-05-31,171.07
7578,24,2024-05-27,2024-05-01,2025-05-31,386.04
7581,36,2024-05-25,2024-05-01,2025-05-31,122.64
7582,36,2024-11-10,2024-11-01,2025-11-30,140.97
7583,24,2024-05-31,2024-05-01,2025-05-31,360.03
7584,24,2024-05-28,2024-05-01,2025-05-31,134.58
7585,12,2024-09-17,2024-09-01,2025-09-30,496.08
7586,36,2024-02-29,2024-02-01,2025-02-28,334.95
7587,36,2024-05-03,2024-05-01,2025-05-31,324.00
7589,12,2024-03-09,2024-03-01,2025-03-31,425.64
7590,24,2024-07-07,2024-07-01,2025-07-31,406.20
7591,12,2024-03-28,2024-03-01,2025-03-31,602.03
7592,36,2024-12-31,2024-12-01,2025-12-31,147.72
7593,36,2024-11-04,2024-11-01,2025-11-30,189.48
7594,24,2024-05-14,2024-05-01,2025-05-31,208.88
7595,12,2024-04-26,2024-04-01,2025-04-30,666.90
7596,12,2024-11-12,2024-11-01,2025-11-30,424.46
7599,36,2024-06-23,2024-06-01,2025-06-30,271.70
7601,12,2024-06-19,2024-06-01,2025-06-30,673.54
7602,36,2024-05-30,2024-05-01,2025-05-31,159.94
7603,36,2024-10-30,2024-10-01,2025-10-31,263.88
7605,12,2024-09-22,2024-09-01,2025-09-30,2149.59
7607,36,2024-08-20,2024-08-01,2025-08-31,117.28
7608,24,2024-12-21,2024-12-01,2025-12-31,168.96
7609,12,2024-06-07,2024-06-01,2025-06-30,871.44
7610,24,2024-03-21,2024-03-01,2025-03-31,198.54
7611,24,2024-03-02,2024-03-01,2025-03-31,163.32
7613,24,2024-07-18,2024-07-01,2025-07-31,424.10
7614,12,2024-12-10,2024-12-01,2025-12-31,647.41
7619,24,2024-02-16,2024-02-01,2025-02-28,168.72
7621,12,2024-04-26,2024-04-01,2025-04-30,830.40
7624,36,2024-07-03,2024-07-01,2025-07-31,209.28
7625,12,2024-12-20,2024-12-01,2025-12-31,1041.21
7626,24,2024-04-08,2024-04-01,2025-04-30,169.40
7627,36,2024-09-26,2024-09-01,2025-09-30,207.96
7629,24,2024-12-19,2024-12-01,2025-12-31,458.92
7631,36,2024-06-16,2024-06-01,2025-06-30,176.04
7632,24,2024-07-07,2024-07-01,2025-07-31,268.48
7636,12,2024-09-22,2024-09-01,2025-09-30,1264.32
7637,36,2024-03-01,2024-03-01,2025-03-31,380.64
7639,12,2024-11-30,2024-11-01,2025-11-30,695.32
7641,24,2024-04-29,2024-04-01,2025-04-30,669.12
7644,36,2024-07-20,2024-07-01,2025-07-31,196.26
7646,36,2024-08-11,2024-08-01,2025-08-31,136.33
7651,24,2024-09-22,2024-09-01,2025-09-30,274.70
7653,12,2024-11-26,2024-11-01,2025-11-30,602.88
7656,36,2024-09-21,2024-09-01,2025-09-30,128.80
7658,24,2024-06-30,2024-06-01,2025-06-30,459.24
7660,12,2024-12-09,2024-12-01,2025-12-31,810.60
7661,24,2024-12-12,2024-12-01,2025-12-31,339.35
7662,36,2024-08-07,2024-08-01,2025-08-31,118.98
7665,36,2024-05-29,2024-05-01,2025-05-31,160.82
7667,36,2024-12-01,2024-12-01,2025-12-31,172.80
7670,24,2024-06-15,2024-06-01,2025-06-30,516.12
7673,36,2024-07-14,2024-07-01,2025-07-31,233.53
7675,12,2024-09-22,2024-09-01,2025-09-30,475.08
7676,36,2024-10-16,2024-10-01,2025-10-31,268.73
7677,24,2024-12-11,2024-12-01,2025-12-31,298.56
7680,12,2024-09-05,2024-09-01,2025-09-30,327.12
7683,12,2024-05-30,2024-05-01,2025-05-31,441.87
7684,12,2024-12-12,2024-12-01,2025-12-31,319.20
7685,36,2024-08-24,2024-08-01,2025-08-31,135.12
7686,12,2024-08-09,2024-08-01,2025-08-31,898.56
7694,12,2024-08-18,2024-08-01,2025-08-31,816.12
7701,24,2024-07-08,2024-07-01,2025-07-31,254.90
7702,12,2024-07-10,2024-07-01,2025-07-31,1404.70
7704,12,2024-08-25,2024-08-01,2025-08-31,423.84
7705,24,2024-11-29,2024-11-01,2025-11-30,152.24
7710,36,2024-09-11,2024-09-01,2025-09-30,142.80
7711,36,2024-09-30,2024-09-01,2025-09-30,108.80
7712,36,2024-06-10,2024-06-01,2025-06-30,275.62
7714,12,2024-10-01,2024-10-01,2025-10-31,582.85
7715,24,2024-08-02,2024-08-01,2025-08-31,155.02
7717,12,2024-07-26,2024-07-01,2025-07-31,310.27
7720,24,2024-09-04,2024-09-01,2025-09-30,469.83
7724,24,2024-10-21,2024-10-01,2025-10-31,295.44
7728,36,2024-12-23,2024-12-01,2025-12-31,146.19
7729,36,2024-07-07,2024-07-01,2025-07-31,236.52
7731,12,2024-05-29,2024-05-01,2025-05-31,741.85
7732,24,2024-10-27,2024-10-01,2025-10-31,216.36
7733,36,2024-12-01,2024-12-01,2025-12-31,206.86
7735,12,2024-11-16,2024-11-01,2025-11-30,618.84
7737,36,2024-09-04,2024-09-01,2025-09-30,267.50
7738,24,2024-09-23,2024-09-01,2025-09-30,155.78
7739,24,2024-06-23,2024-06-01,2025-06-30,338.97
7741,24,2024-11-17,2024-11-01,2025-11-30,217.17
7751,12,2024-12-03,2024-12-01,2025-12-31,348.04
7753,24,2024-11-08,2024-11-01,2025-11-30,249.96
7757,36,2024-07-04,2024-07-01,2025-07-31,206.69
7759,36,2024-10-11,2024-10-01,2025-10-31,275.26
7760,24,2024-08-09,2024-08-01,2025-08-31,399.84
7762,36,2024-09-24,2024-09-01,2025-09-30,120.72
7763,24,2024-07-21,2024-07-01,2025-07-31,154.78
7764,12,2024-11-01,2024-11-01,2025-11-30,1298.40
7765,24,2024-09-16,2024-09-01,2025-09-30,350.40
7770,36,2024-11-03,2024-11-01,2025-11-30,127.44
7772,24,2024-08-20,2024-08-01,2025-08-31,207.39
7775,36,2024-09-21,2024-09-01,2025-09-30,119.40
7782,36,2024-12-11,2024-12-01,2025-12-31,121.44
7783,24,2024-09-30,2024-09-01,2025-09-30,153.34
7786,12,2024-11-01,2024-11-01,2025-11-30,329.76
7790,12,2024-09-26,2024-09-01,2025-09-30,328.46
7791,12,2024-12-16,2024-12-01,2025-12-31,323.28
7794,24,2024-10-17,2024-10-01,2025-10-31,177.36
7798,36,2024-10-31,2024-10-01,2025-10-31,324.83
7800,12,2024-12-05,2024-12-01,2025-12-31,390.65
7801,12,2024-11-13,2024-11-01,2025-11-30,324.60
7805,36,2024-10-15,2024-10-01,2025-10-31,510.51
7807,36,2024-10-27,2024-10-01,2025-10-31,224.18
7809,36,2024-08-24,2024-08-01,2025-08-31,364.44
7811,12,2024-08-07,2024-08-01,2025-08-31,495.00
7815,12,2024-10-30,2024-10-01,2025-10-31,390.17
7818,12,2024-11-22,2024-11-01,2025-11-30,428.16
7821,36,2024-07-26,2024-07-01,2025-07-31,133.68
7822,36,2024-11-04,2024-11-01,2025-11-30,191.40
7823,24,2024-08-11,2024-08-01,2025-08-31,557.04
7825,24,2024-07-24,2024-07-01,2025-07-31,474.48
7827,24,2024-10-28,2024-10-01,2025-10-31,370.55
7829,24,2024-10-23,2024-10-01,2025-10-31,258.24
7834,12,2024-10-16,2024-10-01,2025-10-31,319.96
7836,24,2024-09-02,2024-09-01,2025-09-30,263.85
7843,36,2024-07-27,2024-07-01,2025-07-31,161.97
7844,24,2024-12-28,2024-12-01,2025-12-31,191.74
7849,12,2024-12-29,2024-12-01,2025-12-31,845.88
7852,24,2024-12-01,2024-12-01,2025-12-31,440.01
7855,36,2024-12-11,2024-12-01,2025-12-31,231.24
7856,24,2024-09-06,2024-09-01,2025-09-30,329.40
7860,24,2024-12-24,2024-12-01,2025-12-31,293.81
7862,36,2024-12-16,2024-12-01,2025-12-31,211.56
7863,24,2024-10-05,2024-10-01,2025-10-31,171.12
7864,36,2024-11-14,2024-11-01,2025-11-30,201.24
7868,36,2024-08-20,2024-08-01,2025-08-31,276.60
7870,12,2024-12-12,2024-12-01,2025-12-31,877.94
7873,24,2024-11-02,2024-11-01,2025-11-30,607.66
7875,12,2024-11-11,2024-11-01,2025-11-30,313.27
7878,24,2024-12-27,2024-12-01,2025-12-31,346.80
7890,24,2024-10-10,2024-10-01,2025-10-31,384.36
7894,36,2024-11-20,2024-11-01,2025-11-30,168.72
7896,36,2024-12-07,2024-12-01,2025-12-31,212.22
7897,24,2024-12-26,2024-12-01,2025-12-31,415.44
7913,12,2024-10-08,2024-10-01,2025-10-31,340.56
7914,12,2024-08-31,2024-08-01,2025-08-31,375.98
7917,24,2024-11-03,2024-11-01,2025-11-30,386.97
7918,24,2024-12-22,2024-12-01,2025-12-31,224.53
7921,36,2024-11-14,2024-11-01,2025-11-30,252.24
7925,24,2024-12-08,2024-12-01,2025-12-31,313.20
7927,36,2024-12-09,2024-12-01,2025-12-31,293.28
7929,24,2024-11-20,2024-11-01,2025-11-30,168.35
7935,24,2024-10-20,2024-10-01,2025-10-31,240.68
7939,36,2024-11-02,2024-11-01,2025-11-30,184.50
7959,24,2024-10-24,2024-10-01,2025-10-31,209.57
7963,12,2024-11-06,2024-11-01,2025-11-30,308.99
7966,36,2024-12-17,2024-12-01,2025-12-31,309.32
7978,12,2024-12-31,2024-12-01,2025-12-31,612.12
7982,24,2024-11-11,2024-11-01,2025-11-30,231.96
7990,24,2024-12-26,2024-12-01,2025-12-31,348.10
7993,24,2024-12-26,2024-12-01,2025-12-31,166.45
7996,24,2024-11-15,2024-11-01,2025-11-30,202.95
8017,12,2024-12-28,2024-12-01,2025-12-31,320.61
8037,24,2024-12-17,2024-12-01,2025-12-31,269.88
8049,36,2024-12-31,2024-12-01,2025-12-31,173.88
