loan_id,term_months,origination_date,origination_month,snapshot_date_mob11,snapshot_date_mob12,first_unpaid_due_date_mob11,first_unpaid_due_date_mob12,days_past_due_mob11,days_past_due_mob12
9,12,2023-01-26,2023-01-01,2023-12-31,2024-01-31,2023-12-26,2024-01-26,5,5
25,12,2023-02-04,2023-02-01,2024-01-31,2024-02-29,2024-02-04,NULL,-4,0
34,12,2023-03-29,2023-03-01,2024-02-29,2024-03-31,2024-02-29,2024-03-29,0,2
45,12,2023-03-17,2023-03-01,2024-02-29,2024-03-31,2024-03-17,NULL,-17,0
47,12,2023-03-04,2023-03-01,2024-02-29,2024-03-31,2024-03-04,NULL,-4,0
54,12,2023-04-11,2023-04-01,2024-03-31,2024-04-30,2024-03-11,2024-04-11,20,19
62,12,2023-04-11,2023-04-01,2024-03-31,2024-04-30,2024-03-11,2024-04-11,20,19
64,12,2023-04-13,2023-04-01,2024-03-31,2024-04-30,2024-04-13,NULL,-13,0
65,12,2023-05-15,2023-05-01,2024-04-30,2024-05-31,2024-05-15,NULL,-15,0
69,12,2023-05-09,2023-05-01,2024-04-30,2024-05-31,2024-05-09,NULL,-9,0
76,12,2023-05-22,2023-05-01,2024-04-30,2024-05-31,2024-05-22,2024-05-22,-22,9
77,12,2023-05-31,2023-05-01,2024-04-30,2024-05-31,2024-05-31,NULL,-31,0
78,12,2023-05-19,2023-05-01,2024-04-30,2024-05-31,2024-05-19,NULL,-19,0
83,12,2023-05-22,2023-05-01,2024-04-30,2024-05-31,2024-05-22,NULL,-22,0
93,12,2023-06-12,2023-06-01,2024-05-31,2024-06-30,2024-06-12,NULL,-12,0
94,12,2023-06-30,2023-06-01,2024-05-31,2024-06-30,2024-06-30,2024-06-30,-30,0
96,12,2023-06-05,2023-06-01,2024-05-31,2024-06-30,2024-05-05,2024-06-05,26,25
107,12,2023-06-14,2023-06-01,2024-05-31,2024-06-30,2024-06-14,NULL,-14,0
110,12,2023-06-16,2023-06-01,2024-05-31,2024-06-30,2024-06-16,NULL,-16,0
112,12,2023-06-01,2023-06-01,2024-05-31,2024-06-30,2024-06-01,NULL,-1,0
122,12,2023-07-17,2023-07-01,2024-06-30,2024-07-31,2023-10-17,2023-10-17,257,288
126,12,2023-07-18,2023-07-01,2024-06-30,2024-07-31,2024-07-18,NULL,-18,0
135,12,2023-07-15,2023-07-01,2024-06-30,2024-07-31,2024-07-15,NULL,-15,0
153,12,2023-08-27,2023-08-01,2024-07-31,2024-08-31,2024-07-27,2024-08-27,4,4
154,12,2023-08-25,2023-08-01,2024-07-31,2024-08-31,2024-07-25,NULL,6,0
172,12,2023-08-05,2023-08-01,2024-07-31,2024-08-31,2024-08-05,NULL,-5,0
176,12,2023-08-28,2023-08-01,2024-07-31,2024-08-31,2024-05-28,2024-05-28,64,95
180,12,2023-09-19,2023-09-01,2024-08-31,2024-09-30,2024-09-19,NULL,-19,0
188,12,2023-09-25,2023-09-01,2024-08-31,2024-09-30,2024-02-25,2024-02-25,188,218
191,12,2023-09-24,2023-09-01,2024-08-31,2024-09-30,2024-09-24,NULL,-24,0
195,12,2023-09-03,2023-09-01,2024-08-31,2024-09-30,2024-09-03,NULL,-3,0
205,12,2023-09-26,2023-09-01,2024-08-31,2024-09-30,2024-09-26,2024-09-26,-26,4
209,12,2023-09-18,2023-09-01,2024-08-31,2024-09-30,2024-09-18,NULL,-18,0
212,12,2023-09-29,2023-09-01,2024-08-31,2024-09-30,2024-09-29,2024-09-29,-29,1
222,12,2023-09-04,2023-09-01,2024-08-31,2024-09-30,2024-09-04,NULL,-4,0
231,12,2023-10-18,2023-10-01,2024-09-30,2024-10-31,2024-10-18,NULL,-18,0
236,12,2023-10-29,2023-10-01,2024-09-30,2024-10-31,2024-10-29,NULL,-29,0
240,12,2023-10-09,2023-10-01,2024-09-30,2024-10-31,2024-01-09,2024-01-09,265,296
251,12,2023-10-28,2023-10-01,2024-09-30,2024-10-31,2024-10-28,NULL,-28,0
254,12,2023-10-10,2023-10-01,2024-09-30,2024-10-31,2024-10-10,NULL,-10,0
259,12,2023-10-24,2023-10-01,2024-09-30,2024-10-31,2024-10-24,NULL,-24,0
262,12,2023-10-01,2023-10-01,2024-09-30,2024-10-31,2024-10-01,NULL,-1,0
272,12,2023-10-30,2023-10-01,2024-09-30,2024-10-31,2024-09-30,2024-10-30,0,1
278,12,2023-10-31,2023-10-01,2024-09-30,2024-10-31,2024-09-30,2024-10-31,0,0
281,12,2023-10-03,2023-10-01,2024-09-30,2024-10-31,2024-10-03,NULL,-3,0
284,12,2023-11-16,2023-11-01,2024-10-31,2024-11-30,2024-10-16,2024-11-16,15,14
304,12,2023-11-13,2023-11-01,2024-10-31,2024-11-30,2024-11-13,NULL,-13,0
310,12,2023-11-12,2023-11-01,2024-10-31,2024-11-30,2024-11-12,NULL,-12,0
312,12,2023-11-27,2023-11-01,2024-10-31,2024-11-30,2024-11-27,NULL,-27,0
328,12,2023-11-13,2023-11-01,2024-10-31,2024-11-30,2024-04-13,2024-04-13,201,231
332,12,2023-11-01,2023-11-01,2024-10-31,2024-11-30,2024-11-01,NULL,-1,0
350,12,2023-11-22,2023-11-01,2024-10-31,2024-11-30,2024-11-22,NULL,-22,0
364,12,2023-11-23,2023-11-01,2024-10-31,2024-11-30,2024-11-23,NULL,-23,0
375,12,2023-12-20,2023-12-01,2024-11-30,2024-12-31,2024-11-20,2024-12-20,10,11
381,12,2023-12-03,2023-12-01,2024-11-30,2024-12-31,2024-12-03,NULL,-3,0
388,12,2023-12-11,2023-12-01,2024-11-30,2024-12-31,2024-12-11,NULL,-11,0
389,12,2023-12-13,2023-12-01,2024-11-30,2024-12-31,2024-11-13,2024-12-13,17,18
401,12,2023-12-26,2023-12-01,2024-11-30,2024-12-31,2024-12-26,NULL,-26,0
409,12,2023-12-09,2023-12-01,2024-11-30,2024-12-31,2024-12-09,NULL,-9,0
411,12,2023-12-24,2023-12-01,2024-11-30,2024-12-31,2024-12-24,NULL,-24,0
432,12,2023-12-18,2023-12-01,2024-11-30,2024-12-31,2024-12-18,NULL,-18,0
457,12,2023-12-09,2023-12-01,2024-11-30,2024-12-31,2024-12-09,NULL,-9,0
480,12,2024-01-09,2024-01-01,2024-12-31,2025-01-31,2025-01-09,NULL,-9,0
481,12,2024-01-25,2024-01-01,2024-12-31,2025-01-31,2025-01-25,NULL,-25,0
482,12,2024-01-21,2024-01-01,2024-12-31,2025-01-31,2025-01-21,NULL,-21,0
485,12,2024-01-04,2024-01-01,2024-12-31,2025-01-31,2025-01-04,NULL,-4,0
488,12,2024-01-01,2024-01-01,2024-12-31,2025-01-31,2024-05-01,2024-05-01,244,275
500,12,2024-01-03,2024-01-01,2024-12-31,2025-01-31,2025-01-03,NULL,-3,0
537,12,2024-01-04,2024-01-01,2024-12-31,2025-01-31,2024-04-04,2024-04-04,271,302
552,12,2024-01-07,2024-01-01,2024-12-31,2025-01-31,2024-12-07,2025-01-07,24,24
553,12,2024-01-04,2024-01-01,2024-12-31,2025-01-31,2025-01-04,NULL,-4,0
567,12,2024-02-18,2024-02-01,2025-01-31,2025-02-28,2025-02-18,NULL,-18,0
574,12,2024-02-19,2024-02-01,2025-01-31,2025-02-28,2025-02-19,2025-02-19,-19,9
585,12,2024-02-24,2024-02-01,2025-01-31,2025-02-28,2025-02-24,NULL,-24,0
588,12,2024-02-10,2024-02-01,2025-01-31,2025-02-28,2025-01-10,NULL,21,0
593,12,2024-02-14,2024-02-01,2025-01-31,2025-02-28,2025-02-14,NULL,-14,0
594,12,2024-02-09,2024-02-01,2025-01-31,2025-02-28,2025-02-09,NULL,-9,0
602,12,2024-02-25,2024-02-01,2025-01-31,2025-02-28,2025-02-25,NULL,-25,0
605,12,2024-02-15,2024-02-01,2025-01-31,2025-02-28,2025-02-15,NULL,-15,0
615,12,2024-02-08,2024-02-01,2025-01-31,2025-02-28,2025-02-08,NULL,-8,0
628,12,2024-02-04,2024-02-01,2025-01-31,2025-02-28,2025-02-04,NULL,-4,0
640,12,2024-03-10,2024-03-01,2025-02-28,2025-03-31,2025-03-10,NULL,-10,0
644,12,2024-03-09,2024-03-01,2025-02-28,2025-03-31,2025-03-09,NULL,-9,0
656,12,2024-03-16,2024-03-01,2025-02-28,2025-03-31,2025-03-16,NULL,-16,0
660,12,2024-03-02,2024-03-01,2025-02-28,2025-03-31,2025-03-02,NULL,-2,0
665,12,2024-03-11,2024-03-01,2025-02-28,2025-03-31,2025-02-11,2025-03-11,17,20
666,12,2024-03-05,2024-03-01,2025-02-28,2025-03-31,2025-02-05,2025-03-05,23,26
680,12,2024-03-02,2024-03-01,2025-02-28,2025-03-31,NULL,NULL,0,0
714,12,2024-03-12,2024-03-01,2025-02-28,2025-03-31,2025-03-12,NULL,-12,0
715,12,2024-03-19,2024-03-01,2025-02-28,2025-03-31,2025-02-19,NULL,9,0
730,12,2024-03-11,2024-03-01,2025-02-28,2025-03-31,2025-01-11,NULL,48,0
744,12,2024-03-04,2024-03-01,2025-02-28,2025-03-31,2025-03-04,NULL,-4,0
750,12,2024-04-07,2024-04-01,2025-03-31,2025-04-30,2025-04-07,NULL,-7,0
759,12,2024-04-13,2024-04-01,2025-03-31,2025-04-30,2025-04-13,NULL,-13,0
765,12,2024-04-29,2024-04-01,2025-03-31,2025-04-30,2025-03-29,NULL,2,0
783,12,2024-04-28,2024-04-01,2025-03-31,2025-04-30,2025-04-28,2025-04-28,-28,2
784,12,2024-04-09,2024-04-01,2025-03-31,2025-04-30,2025-04-09,NULL,-9,0
786,12,2024-04-26,2024-04-01,2025-03-31,2025-04-30,2025-04-26,NULL,-26,0
793,12,2024-04-07,2024-04-01,2025-03-31,2025-04-30,2024-08-07,2024-08-07,236,266
816,12,2024-04-04,2024-04-01,2025-03-31,2025-04-30,2024-05-04,2024-05-04,331,361
817,12,2024-04-12,2024-04-01,2025-03-31,2025-04-30,2025-04-12,NULL,-12,0
829,12,2024-04-16,2024-04-01,2025-03-31,2025-04-30,2025-03-16,2025-04-16,15,14
852,12,2024-04-06,2024-04-01,2025-03-31,2025-04-30,2025-04-06,NULL,-6,0
859,12,2024-04-11,2024-04-01,2025-03-31,2025-04-30,2025-04-11,NULL,-11,0
864,12,2024-04-28,2024-04-01,2025-03-31,2025-04-30,2025-04-28,2025-04-28,-28,2
873,12,2024-04-06,2024-04-01,2025-03-31,2025-04-30,2025-04-06,NULL,-6,0
890,12,2024-05-31,2024-05-01,2025-04-30,2025-05-31,2025-05-31,NULL,-31,0
895,12,2024-05-06,2024-05-01,2025-04-30,2025-05-31,2025-05-06,NULL,-6,0
920,12,2024-05-01,2024-05-01,2025-04-30,2025-05-31,NULL,NULL,0,0
930,12,2024-05-09,2024-05-01,2025-04-30,2025-05-31,2025-05-09,NULL,-9,0
934,12,2024-05-09,2024-05-01,2025-04-30,2025-05-31,2025-05-09,NULL,-9,0
944,12,2024-05-09,2024-05-01,2025-04-30,2025-05-31,2025-05-09,NULL,-9,0
967,12,2024-05-15,2024-05-01,2025-04-30,2025-05-31,2025-05-15,NULL,-15,0
969,12,2024-05-15,2024-05-01,2025-04-30,2025-05-31,2025-05-15,NULL,-15,0
971,12,2024-05-02,2024-05-01,2025-04-30,2025-05-31,2025-04-02,2025-05-02,28,29
976,12,2024-05-11,2024-05-01,2025-04-30,2025-05-31,2025-05-11,NULL,-11,0
992,12,2024-05-17,2024-05-01,2025-04-30,2025-05-31,2025-03-17,2025-03-17,44,75
1014,12,2024-06-21,2024-06-01,2025-05-31,2025-06-30,2025-06-21,NULL,-21,0
1031,12,2024-06-25,2024-06-01,2025-05-31,2025-06-30,2025-06-25,2025-06-25,-25,5
1035,12,2024-06-10,2024-06-01,2025-05-31,2025-06-30,2025-06-10,NULL,-10,0
1048,12,2024-06-07,2024-06-01,2025-05-31,2025-06-30,2025-06-07,NULL,-7,0
1050,12,2024-06-17,2024-06-01,2025-05-31,2025-06-30,2025-06-17,NULL,-17,0
1055,12,2024-06-16,2024-06-01,2025-05-31,2025-06-30,2025-06-16,NULL,-16,0
1056,12,2024-06-17,2024-06-01,2025-05-31,2025-06-30,2025-06-17,NULL,-17,0
1073,12,2024-06-05,2024-06-01,2025-05-31,2025-06-30,2025-06-05,NULL,-5,0
1089,12,2024-06-05,2024-06-01,2025-05-31,2025-06-30,2025-06-05,NULL,-5,0
1091,12,2024-06-10,2024-06-01,2025-05-31,2025-06-30,2025-06-10,NULL,-10,0
1097,12,2024-06-18,2024-06-01,2025-05-31,2025-06-30,2025-06-18,NULL,-18,0
1100,12,2024-06-10,2024-06-01,2025-05-31,2025-06-30,2025-06-10,NULL,-10,0
1105,12,2024-06-18,2024-06-01,2025-05-31,2025-06-30,2025-06-18,NULL,-18,0
1117,12,2024-06-22,2024-06-01,2025-05-31,2025-06-30,2024-09-22,2024-09-22,251,281
1124,12,2024-07-14,2024-07-01,2025-06-30,2025-07-31,2025-07-14,NULL,-14,0
1127,12,2024-07-07,2024-07-01,2025-06-30,2025-07-31,2024-12-07,2024-12-07,205,236
1147,12,2024-07-03,2024-07-01,2025-06-30,2025-07-31,2025-07-03,NULL,-3,0
1193,12,2024-07-14,2024-07-01,2025-06-30,2025-07-31,2025-07-14,NULL,-14,0
1198,12,2024-07-07,2024-07-01,2025-06-30,2025-07-31,2025-07-07,NULL,-7,0
1209,12,2024-07-07,2024-07-01,2025-06-30,2025-07-31,2025-07-07,NULL,-7,0
1210,12,2024-07-20,2024-07-01,2025-06-30,2025-07-31,2025-07-20,NULL,-20,0
1212,12,2024-07-26,2024-07-01,2025-06-30,2025-07-31,2025-07-26,NULL,-26,0
1216,12,2024-07-16,2024-07-01,2025-06-30,2025-07-31,2025-07-16,NULL,-16,0
1217,12,2024-07-30,2024-07-01,2025-06-30,2025-07-31,2025-07-30,2025-07-30,-30,1
1229,12,2024-07-17,2024-07-01,2025-06-30,2025-07-31,2025-07-17,NULL,-17,0
1233,12,2024-07-12,2024-07-01,2025-06-30,2025-07-31,2025-07-12,NULL,-12,0
1249,12,2024-07-09,2024-07-01,2025-06-30,2025-07-31,2025-07-09,NULL,-9,0
1259,12,2024-07-30,2024-07-01,2025-06-30,2025-07-31,2025-07-30,NULL,-30,0
1260,12,2024-07-22,2024-07-01,2025-06-30,2025-07-31,2025-06-22,2025-07-22,8,9
1263,12,2024-07-03,2024-07-01,2025-06-30,2025-07-31,2025-07-03,NULL,-3,0
1272,12,2024-07-14,2024-07-01,2025-06-30,2025-07-31,2025-07-14,NULL,-14,0
1277,12,2024-07-21,2024-07-01,2025-06-30,2025-07-31,2025-07-21,NULL,-21,0
1278,12,2024-07-11,2024-07-01,2025-06-30,2025-07-31,2025-07-11,NULL,-11,0
1295,12,2024-08-09,2024-08-01,2025-07-31,2025-08-31,2025-08-09,NULL,-9,0
1305,12,2024-08-11,2024-08-01,2025-07-31,2025-08-31,2025-08-11,NULL,-11,0
1313,12,2024-08-07,2024-08-01,2025-07-31,2025-08-31,2025-06-07,2025-06-07,54,85
1316,12,2024-08-30,2024-08-01,2025-07-31,2025-08-31,2025-07-30,2025-08-30,1,1
1317,12,2024-08-09,2024-08-01,2025-07-31,2025-08-31,2025-08-09,NULL,-9,0
1319,12,2024-08-10,2024-08-01,2025-07-31,2025-08-31,2025-07-10,2025-07-10,21,52
1321,12,2024-08-23,2024-08-01,2025-07-31,2025-08-31,2025-08-23,NULL,-23,0
1329,12,2024-08-05,2024-08-01,2025-07-31,2025-08-31,2025-08-05,NULL,-5,0
1333,12,2024-08-08,2024-08-01,2025-07-31,2025-08-31,2025-08-08,NULL,-8,0
1344,12,2024-08-17,2024-08-01,2025-07-31,2025-08-31,2025-08-17,NULL,-17,0
1351,12,2024-08-03,2024-08-01,2025-07-31,2025-08-31,2025-08-03,NULL,-3,0
1354,12,2024-08-18,2024-08-01,2025-07-31,2025-08-31,2025-08-18,NULL,-18,0
1364,12,2024-08-10,2024-08-01,2025-07-31,2025-08-31,2025-08-10,NULL,-10,0
1369,12,2024-08-17,2024-08-01,2025-07-31,2025-08-31,2025-07-17,2025-08-17,14,14
1381,12,2024-08-03,2024-08-01,2025-07-31,2025-08-31,2025-08-03,NULL,-3,0
1384,12,2024-08-23,2024-08-01,2025-07-31,2025-08-31,2025-08-23,NULL,-23,0
1392,12,2024-08-15,2024-08-01,2025-07-31,2025-08-31,2025-08-15,NULL,-15,0
1400,12,2024-08-27,2024-08-01,2025-07-31,2025-08-31,2025-08-27,NULL,-27,0
1402,12,2024-08-07,2024-08-01,2025-07-31,2025-08-31,2025-08-07,NULL,-7,0
1413,12,2024-08-08,2024-08-01,2025-07-31,2025-08-31,2025-08-08,NULL,-8,0
1418,12,2024-08-16,2024-08-01,2025-07-31,2025-08-31,2025-08-16,2025-08-16,-16,15
1430,12,2024-08-03,2024-08-01,2025-07-31,2025-08-31,2025-08-03,NULL,-3,0
1431,12,2024-08-15,2024-08-01,2025-07-31,2025-08-31,2025-08-15,NULL,-15,0
1444,12,2024-09-30,2024-09-01,2025-08-31,2025-09-30,2025-09-30,2025-09-30,-30,0
1460,12,2024-09-15,2024-09-01,2025-08-31,2025-09-30,2024-11-15,2024-11-15,289,319
1475,12,2024-09-14,2024-09-01,2025-08-31,2025-09-30,2025-09-14,NULL,-14,0
1481,12,2024-09-05,2024-09-01,2025-08-31,2025-09-30,2025-09-05,NULL,-5,0
1498,12,2024-09-01,2024-09-01,2025-08-31,2025-09-30,2025-09-01,NULL,-1,0
1502,12,2024-09-24,2024-09-01,2025-08-31,2025-09-30,2025-04-24,2025-04-24,129,159
1513,12,2024-09-05,2024-09-01,2025-08-31,2025-09-30,2025-09-05,NULL,-5,0
1515,12,2024-09-28,2024-09-01,2025-08-31,2025-09-30,2025-08-28,NULL,3,0
1538,12,2024-09-12,2024-09-01,2025-08-31,2025-09-30,2025-09-12,NULL,-12,0
1546,12,2024-09-25,2024-09-01,2025-08-31,2025-09-30,2025-07-25,NULL,37,0
1550,12,2024-09-27,2024-09-01,2025-08-31,2025-09-30,2025-08-27,2025-09-27,4,3
1555,12,2024-09-04,2024-09-01,2025-08-31,2025-09-30,2025-09-04,NULL,-4,0
1564,12,2024-09-04,2024-09-01,2025-08-31,2025-09-30,2025-09-04,NULL,-4,0
1569,12,2024-09-19,2024-09-01,2025-08-31,2025-09-30,2025-09-19,NULL,-19,0
1585,12,2024-09-19,2024-09-01,2025-08-31,2025-09-30,2024-10-19,2024-10-19,316,346
1627,12,2024-09-06,2024-09-01,2025-08-31,2025-09-30,2025-09-06,NULL,-6,0
1631,12,2024-09-17,2024-09-01,2025-08-31,2025-09-30,2025-09-17,NULL,-17,0
1634,12,2024-09-02,2024-09-01,2025-08-31,2025-09-30,2025-09-02,NULL,-2,0
1644,12,2024-10-19,2024-10-01,2025-09-30,2025-10-31,2025-10-19,NULL,-19,0
1646,12,2024-10-20,2024-10-01,2025-09-30,2025-10-31,2025-10-20,NULL,-20,0
1649,12,2024-10-04,2024-10-01,2025-09-30,2025-10-31,2025-07-04,2025-07-04,88,119
1654,12,2024-10-24,2024-10-01,2025-09-30,2025-10-31,2025-10-24,NULL,-24,0
1659,12,2024-10-15,2024-10-01,2025-09-30,2025-10-31,2025-10-15,NULL,-15,0
1665,12,2024-10-25,2024-10-01,2025-09-30,2025-10-31,2025-09-25,2025-09-25,5,36
1667,12,2024-10-20,2024-10-01,2025-09-30,2025-10-31,2025-10-20,NULL,-20,0
1678,12,2024-10-04,2024-10-01,2025-09-30,2025-10-31,2025-10-04,NULL,-4,0
1684,12,2024-10-25,2024-10-01,2025-09-30,2025-10-31,2025-10-25,NULL,-25,0
1702,12,2024-10-22,2024-10-01,2025-09-30,2025-10-31,2025-10-22,NULL,-22,0
1716,12,2024-10-19,2024-10-01,2025-09-30,2025-10-31,2025-10-19,NULL,-19,0
1717,12,2024-10-31,2024-10-01,2025-09-30,2025-10-31,2025-10-31,2025-10-31,-31,0
1723,12,2024-10-23,2024-10-01,2025-09-30,2025-10-31,2025-10-23,NULL,-23,0
1725,12,2024-10-15,2024-10-01,2025-09-30,2025-10-31,2025-10-15,NULL,-15,0
1746,12,2024-10-29,2024-10-01,2025-09-30,2025-10-31,2025-10-29,2025-10-29,-29,2
1763,12,2024-10-16,2024-10-01,2025-09-30,2025-10-31,2025-10-16,NULL,-16,0
1768,12,2024-10-21,2024-10-01,2025-09-30,2025-10-31,2025-10-21,NULL,-21,0
1782,12,2024-10-10,2024-10-01,2025-09-30,2025-10-31,2025-09-10,2025-10-10,20,21
1788,12,2024-10-17,2024-10-01,2025-09-30,2025-10-31,2025-09-17,2025-09-17,13,44
1793,12,2024-10-26,2024-10-01,2025-09-30,2025-10-31,2025-10-26,NULL,-26,0
1799,12,2024-10-05,2024-10-01,2025-09-30,2025-10-31,2025-10-05,NULL,-5,0
1812,12,2024-10-30,2024-10-01,2025-09-30,2025-10-31,2025-09-30,2025-10-30,0,1
1823,12,2024-10-31,2024-10-01,2025-09-30,2025-10-31,2025-05-31,2025-05-31,122,153
1843,12,2024-10-15,2024-10-01,2025-09-30,2025-10-31,2025-06-15,2025-06-15,107,138
1849,12,2024-10-29,2024-10-01,2025-09-30,2025-10-31,2025-09-29,NULL,1,0
1858,12,2024-10-15,2024-10-01,2025-09-30,2025-10-31,2025-10-15,NULL,-15,0
1868,12,2024-11-10,2024-11-01,2025-10-31,2025-11-30,2025-11-10,NULL,-10,0
1872,12,2024-11-07,2024-11-01,2025-10-31,2025-11-30,2025-10-07,2025-11-07,24,23
1874,12,2024-11-27,2024-11-01,2025-10-31,2025-11-30,2025-11-27,NULL,-27,0
1880,12,2024-11-08,2024-11-01,2025-10-31,2025-11-30,2025-11-08,NULL,-8,0
1892,12,2024-11-26,2024-11-01,2025-10-31,2025-11-30,2025-11-26,2025-11-26,-26,4
1910,12,2024-11-17,2024-11-01,2025-10-31,2025-11-30,2025-11-17,NULL,-17,0
1915,12,2024-11-10,2024-11-01,2025-10-31,2025-11-30,2025-03-10,2025-03-10,235,265
1928,12,2024-11-29,2024-11-01,2025-10-31,2025-11-30,2025-02-28,2025-02-28,245,275
1932,12,2024-11-28,2024-11-01,2025-10-31,2025-11-30,2025-11-28,NULL,-28,0
1946,12,2024-11-02,2024-11-01,2025-10-31,2025-11-30,2025-11-02,NULL,-2,0
1950,12,2024-11-17,2024-11-01,2025-10-31,2025-11-30,2025-10-17,NULL,14,0
1959,12,2024-11-12,2024-11-01,2025-10-31,2025-11-30,2025-11-12,NULL,-12,0
1964,12,2024-11-11,2024-11-01,2025-10-31,2025-11-30,2025-11-11,NULL,-11,0
1970,12,2024-11-27,2024-11-01,2025-10-31,2025-11-30,2025-11-27,2025-11-27,-27,3
1973,12,2024-11-08,2024-11-01,2025-10-31,2025-11-30,2025-11-08,2025-11-08,-8,22
1980,12,2024-11-05,2024-11-01,2025-10-31,2025-11-30,2025-11-05,NULL,-5,0
1982,12,2024-11-27,2024-11-01,2025-10-31,2025-11-30,2025-11-27,NULL,-27,0
1985,12,2024-11-29,2024-11-01,2025-10-31,2025-11-30,2025-10-29,NULL,2,0
1996,12,2024-11-01,2024-11-01,2025-10-31,2025-11-30,2025-10-01,2025-11-01,30,29
1997,12,2024-11-06,2024-11-01,2025-10-31,2025-11-30,2025-11-06,NULL,-6,0
1999,12,2024-11-07,2024-11-01,2025-10-31,2025-11-30,2025-11-07,NULL,-7,0
2015,12,2024-11-23,2024-11-01,2025-10-31,2025-11-30,2025-11-23,NULL,-23,0
2037,12,2024-11-24,2024-11-01,2025-10-31,2025-11-30,2025-11-24,NULL,-24,0
2042,12,2024-11-08,2024-11-01,2025-10-31,2025-11-30,2025-11-08,NULL,-8,0
2049,12,2024-11-08,2024-11-01,2025-10-31,2025-11-30,2025-11-08,NULL,-8,0
2058,12,2024-11-18,2024-11-01,2025-10-31,2025-11-30,2025-11-18,NULL,-18,0
2082,12,2024-11-28,2024-11-01,2025-10-31,2025-11-30,2025-11-28,NULL,-28,0
2098,12,2024-11-05,2024-11-01,2025-10-31,2025-11-30,2025-11-05,NULL,-5,0
2106,12,2024-11-03,2024-11-01,2025-10-31,2025-11-30,2025-06-03,2025-06-03,150,180
2110,12,2024-11-09,2024-11-01,2025-10-31,2025-11-30,2025-11-09,2025-11-09,-9,21
2118,12,2024-11-22,2024-11-01,2025-10-31,2025-11-30,2025-11-22,NULL,-22,0
2153,12,2024-12-22,2024-12-01,2025-11-30,2025-12-31,2025-12-22,NULL,-22,0
2183,12,2024-12-02,2024-12-01,2025-11-30,2025-12-31,2025-12-02,NULL,-2,0
2187,12,2024-12-15,2024-12-01,2025-11-30,2025-12-31,2025-11-15,2025-12-15,15,16
2192,12,2024-12-29,2024-12-01,2025-11-30,2025-12-31,2025-11-29,2025-12-29,1,2
2201,12,2024-12-09,2024-12-01,2025-11-30,2025-12-31,2025-12-09,NULL,-9,0
2210,12,2024-12-10,2024-12-01,2025-11-30,2025-12-31,2025-10-10,2025-12-10,51,21
2220,12,2024-12-25,2024-12-01,2025-11-30,2025-12-31,2025-12-25,NULL,-25,0
2226,12,2024-12-11,2024-12-01,2025-11-30,2025-12-31,2025-12-11,NULL,-11,0
2272,12,2024-12-17,2024-12-01,2025-11-30,2025-12-31,2025-12-17,NULL,-17,0
2274,12,2024-12-01,2024-12-01,2025-11-30,2025-12-31,2025-12-01,NULL,-1,0
2283,12,2024-12-22,2024-12-01,2025-11-30,2025-12-31,2025-11-22,2025-11-22,8,39
2291,12,2024-12-25,2024-12-01,2025-11-30,2025-12-31,2025-12-25,NULL,-25,0
2307,12,2024-12-13,2024-12-01,2025-11-30,2025-12-31,2025-12-13,NULL,-13,0
2311,12,2024-12-03,2024-12-01,2025-11-30,2025-12-31,2025-11-03,2025-12-03,27,28
2319,12,2024-12-31,2024-12-01,2025-11-30,2025-12-31,2025-12-31,2025-12-31,-31,0
2337,12,2024-12-16,2024-12-01,2025-11-30,2025-12-31,2025-12-16,NULL,-16,0
2338,12,2024-12-10,2024-12-01,2025-11-30,2025-12-31,2025-12-10,NULL,-10,0
2353,12,2024-12-06,2024-12-01,2025-11-30,2025-12-31,2025-12-06,NULL,-6,0
2363,12,2024-12-10,2024-12-01,2025-11-30,2025-12-31,2025-12-10,NULL,-10,0
2370,12,2024-12-30,2024-12-01,2025-11-30,2025-12-31,2025-12-30,2025-12-30,-30,1
2377,12,2024-12-18,2024-12-01,2025-11-30,2025-12-31,2025-10-18,2025-12-18,43,13
2389,12,2024-12-07,2024-12-01,2025-11-30,2025-12-31,2025-12-07,NULL,-7,0
2396,12,2024-12-25,2024-12-01,2025-11-30,2025-12-31,2025-12-25,NULL,-25,0
2398,12,2024-12-11,2024-12-01,2025-11-30,2025-12-31,2025-12-11,NULL,-11,0
2401,12,2024-12-04,2024-12-01,2025-11-30,2025-12-31,2025-12-04,NULL,-4,0
2414,12,2024-12-04,2024-12-01,2025-11-30,2025-12-31,2025-12-04,NULL,-4,0
2428,12,2024-12-01,2024-12-01,2025-11-30,2025-12-31,2025-12-01,NULL,-1,0
2435,12,2024-12-14,2024-12-01,2025-11-30,2025-12-31,2025-12-14,NULL,-14,0
2443,12,2024-12-02,2024-12-01,2025-11-30,2025-12-31,2025-12-02,NULL,-2,0
7177,12,2024-01-11,2024-01-01,2024-12-31,2025-01-31,2025-01-11,NULL,-11,0
7178,24,2024-05-27,2024-05-01,2025-04-30,2025-05-31,2025-03-27,2025-04-27,34,34
7179,12,2023-06-15,2023-06-01,2024-05-31,2024-06-30,2024-05-15,2024-06-15,16,15
7180,36,2023-04-19,2023-04-01,2024-03-31,2024-04-30,2024-04-19,2024-05-19,-19,-19
7181,36,2023-12-10,2023-12-01,2024-11-30,2024-12-31,2024-12-10,2024-12-10,-10,21
7182,12,2023-04-03,2023-04-01,2024-03-31,2024-04-30,2024-01-03,2024-02-03,88,87
7183,24,2023-06-09,2023-06-01,2024-05-31,2024-06-30,2024-06-09,2024-07-09,-9,-9
7184,24,2024-12-05,2024-12-01,2025-11-30,2025-12-31,2025-12-05,2026-01-05,-5,-5
7185,36,2024-03-18,2024-03-01,2025-02-28,2025-03-31,2025-02-18,2025-03-18,10,13
7186,24,2023-11-18,2023-11-01,2024-10-31,2024-11-30,2024-10-18,2024-11-18,13,12
7187,12,2023-02-23,2023-02-01,2024-01-31,2024-02-29,2024-02-23,NULL,-23,0
7189,24,2023-12-19,2023-12-01,2024-11-30,2024-12-31,2024-11-19,2024-12-19,11,12
7191,24,2024-10-21,2024-10-01,2025-09-30,2025-10-31,2025-10-21,2025-11-21,-21,-21
7192,12,2023-03-24,2023-03-01,2024-02-29,2024-03-31,2024-02-24,2024-03-24,5,7
7193,36,2024-01-04,2024-01-01,2024-12-31,2025-01-31,2025-01-04,2025-02-04,-4,-4
7194,24,2023-05-10,2023-05-01,2024-04-30,2024-05-31,2024-05-10,2024-06-10,-10,-10
7195,36,2023-06-06,2023-06-01,2024-05-31,2024-06-30,2024-05-06,2024-06-06,25,24
7197,12,2023-07-08,2023-07-01,2024-06-30,2024-07-31,2024-07-08,2024-07-08,-8,23
7198,12,2023-07-14,2023-07-01,2024-06-30,2024-07-31,2024-07-14,NULL,-14,0
7199,24,2023-11-26,2023-11-01,2024-10-31,2024-11-30,2024-10-26,2024-11-26,5,4
7200,12,2024-05-24,2024-05-01,2025-04-30,2025-05-31,2025-05-24,NULL,-24,0
7201,24,2023-09-06,2023-09-01,2024-08-31,2024-09-30,2024-08-06,2024-09-06,25,24
7205,12,2023-05-04,2023-05-01,2024-04-30,2024-05-31,2024-04-04,2024-05-04,26,27
7206,12,2024-07-01,2024-07-01,2025-06-30,2025-07-31,2025-05-01,2025-06-01,60,60
7207,12,2023-04-26,2023-04-01,2024-03-31,2024-04-30,2024-02-26,2024-03-26,34,35
7208,24,2024-12-18,2024-12-01,2025-11-30,2025-12-31,2025-10-18,2025-11-18,43,43
7209,24,2023-07-20,2023-07-01,2024-06-30,2024-07-31,2024-07-20,2024-08-20,-20,-20
7210,24,2023-08-16,2023-08-01,2024-07-31,2024-08-31,2024-07-16,2024-08-16,15,15
7211,12,2023-05-27,2023-05-01,2024-04-30,2024-05-31,2024-05-27,NULL,-27,0
7212,12,2024-12-08,2024-12-01,2025-11-30,2025-12-31,2025-10-08,2025-11-08,53,53
7215,12,2023-11-21,2023-11-01,2024-10-31,2024-11-30,2024-11-21,NULL,-21,0
7217,24,2023-05-20,2023-05-01,2024-04-30,2024-05-31,2024-05-20,2024-06-20,-20,-20
7218,36,2024-10-31,2024-10-01,2025-09-30,2025-10-31,2025-10-31,2025-10-31,-31,0
7220,24,2023-11-29,2023-11-01,2024-10-31,2024-11-30,2024-09-29,2024-09-29,32,62
7221,24,2023-06-11,2023-06-01,2024-05-31,2024-06-30,2024-05-11,2024-06-11,20,19
7223,24,2023-10-17,2023-10-01,2024-09-30,2024-10-31,2024-10-17,2024-11-17,-17,-17
7225,36,2023-10-26,2023-10-01,2024-09-30,2024-10-31,2024-09-26,2024-09-26,4,35
7226,24,2024-12-25,2024-12-01,2025-11-30,2025-12-31,2025-12-25,2025-12-25,-25,6
7227,36,2024-06-11,2024-06-01,2025-05-31,2025-06-30,2025-04-11,2025-05-11,50,50
7230,12,2024-12-25,2024-12-01,2025-11-30,2025-12-31,2025-11-25,2025-12-25,5,6
7232,24,2024-05-01,2024-05-01,2025-04-30,2025-05-31,2025-05-01,2025-07-01,-1,-31
7233,24,2024-05-01,2024-05-01,2025-04-30,2025-05-31,2025-03-01,2025-04-01,60,60
7235,36,2023-06-14,2023-06-01,2024-05-31,2024-06-30,2024-05-14,2024-06-14,17,16
7237,36,2024-12-05,2024-12-01,2025-11-30,2025-12-31,2025-12-05,2026-01-05,-5,-5
7238,36,2023-06-14,2023-06-01,2024-05-31,2024-06-30,2024-05-14,2024-06-14,17,16
7239,12,2024-06-02,2024-06-01,2025-05-31,2025-06-30,2025-05-02,2025-06-02,29,28
7240,36,2024-12-10,2024-12-01,2025-11-30,2025-12-31,2025-11-10,2025-12-10,20,21
7242,24,2024-09-07,2024-09-01,2025-08-31,2025-09-30,2025-09-07,2025-10-07,-7,-7
7243,24,2024-11-20,2024-11-01,2025-10-31,2025-11-30,2025-10-20,2025-11-20,11,10
7244,36,2024-02-27,2024-02-01,2025-01-31,2025-02-28,2025-02-27,2025-03-27,-27,-27
7247,12,2024-04-26,2024-04-01,2025-03-31,2025-04-30,2025-03-26,2025-04-26,5,4
7248,36,2024-12-31,2024-12-01,2025-11-30,2025-12-31,2025-12-31,2025-12-31,-31,0
7249,24,2023-07-27,2023-07-01,2024-06-30,2024-07-31,2024-05-27,2024-06-27,34,34
7250,36,2024-01-24,2024-01-01,2024-12-31,2025-01-31,2024-12-24,2025-01-24,7,7
7251,24,2024-12-12,2024-12-01,2025-11-30,2025-12-31,2025-12-12,2026-01-12,-12,-12
7252,24,2024-09-18,2024-09-01,2025-08-31,2025-09-30,2025-09-18,2025-10-18,-18,-18
7254,12,2024-06-17,2024-06-01,2025-05-31,2025-06-30,2025-03-17,2025-04-17,75,74
7255,12,2024-02-22,2024-02-01,2025-01-31,2025-02-28,2025-01-22,2025-02-22,9,6
7256,24,2023-07-07,2023-07-01,2024-06-30,2024-07-31,2024-06-07,2024-07-07,23,24
7257,24,2023-07-28,2023-07-01,2024-06-30,2024-07-31,2024-07-28,2024-07-28,-28,3
7258,24,2023-10-26,2023-10-01,2024-09-30,2024-10-31,2024-09-26,2024-10-26,4,5
7259,24,2023-06-15,2023-06-01,2024-05-31,2024-06-30,2024-06-15,2024-07-15,-15,-15
7261,12,2024-03-16,2024-03-01,2025-02-28,2025-03-31,2025-03-16,NULL,-16,0
7262,36,2024-01-21,2024-01-01,2024-12-31,2025-01-31,2024-12-21,2025-01-21,10,10
7264,24,2023-07-19,2023-07-01,2024-06-30,2024-07-31,2024-05-19,2024-06-19,42,42
7266,36,2023-12-07,2023-12-01,2024-11-30,2024-12-31,2024-11-07,2024-12-07,23,24
7267,12,2023-10-30,2023-10-01,2024-09-30,2024-10-31,2024-08-30,2024-09-30,31,31
7268,24,2024-10-06,2024-10-01,2025-09-30,2025-10-31,2025-09-06,2025-10-06,24,25
7269,36,2023-12-09,2023-12-01,2024-11-30,2024-12-31,2024-12-09,2025-01-09,-9,-9
7270,24,2023-06-30,2023-06-01,2024-05-31,2024-06-30,2024-05-30,2024-06-30,1,0
7271,24,2024-06-30,2024-06-01,2025-05-31,2025-06-30,2025-05-30,2025-05-30,1,31
7273,24,2024-04-09,2024-04-01,2025-03-31,2025-04-30,2025-04-09,2025-05-09,-9,-9
7274,24,2023-12-20,2023-12-01,2024-11-30,2024-12-31,2024-11-20,2024-12-20,10,11
7275,36,2023-07-27,2023-07-01,2024-06-30,2024-07-31,2024-06-27,2024-06-27,3,34
7276,24,2023-12-08,2023-12-01,2024-11-30,2024-12-31,2024-11-08,2024-12-08,22,23
7277,12,2024-05-18,2024-05-01,2025-04-30,2025-05-31,2025-04-18,2025-05-18,12,13
7278,36,2023-10-25,2023-10-01,2024-09-30,2024-10-31,2024-10-25,2024-11-25,-25,-25
7279,24,2024-10-13,2024-10-01,2025-09-30,2025-10-31,2025-10-13,2025-11-13,-13,-13
7280,24,2024-06-21,2024-06-01,2025-05-31,2025-06-30,2025-05-21,2025-06-21,10,9
7281,24,2023-11-28,2023-11-01,2024-10-31,2024-11-30,2024-11-28,2024-12-28,-28,-28
7283,36,2024-11-26,2024-11-01,2025-10-31,2025-11-30,2025-11-26,2025-12-26,-26,-26
7285,24,2023-09-01,2023-09-01,2024-08-31,2024-09-30,2024-08-01,2024-09-01,30,29
7287,36,2023-09-18,2023-09-01,2024-08-31,2024-09-30,2024-09-18,2024-10-18,-18,-18
7288,24,2024-07-21,2024-07-01,2025-06-30,2025-07-31,2025-07-21,2025-08-21,-21,-21
7289,24,2024-04-30,2024-04-01,2025-03-31,2025-04-30,2025-03-30,2025-03-30,1,31
7291,12,2024-01-06,2024-01-01,2024-12-31,2025-01-31,2024-12-06,2025-01-06,25,25
7292,24,2024-10-25,2024-10-01,2025-09-30,2025-10-31,2025-10-25,2025-11-25,-25,-25
7294,24,2024-10-06,2024-10-01,2025-09-30,2025-10-31,2025-10-06,2025-11-06,-6,-6
7295,36,2023-08-26,2023-08-01,2024-07-31,2024-08-31,2024-08-26,2024-09-26,-26,-26
7296,12,2024-08-13,2024-08-01,2025-07-31,2025-08-31,2025-06-13,2025-07-13,48,49
7297,36,2023-06-07,2023-06-01,2024-05-31,2024-06-30,2024-02-07,2024-03-07,114,115
7298,24,2023-12-05,2023-12-01,2024-11-30,2024-12-31,2024-11-05,2024-11-05,25,56
7299,12,2023-09-18,2023-09-01,2024-08-31,2024-09-30,2024-09-18,NULL,-18,0
7300,24,2024-02-16,2024-02-01,2025-01-31,2025-02-28,2025-02-16,2025-03-16,-16,-16
7301,24,2024-02-28,2024-02-01,2025-01-31,2025-02-28,2025-02-28,2025-03-28,-28,-28
7302,36,2023-11-11,2023-11-01,2024-10-31,2024-11-30,2024-11-11,2024-12-11,-11,-11
7304,12,2024-10-09,2024-10-01,2025-09-30,2025-10-31,2025-09-09,2025-10-09,21,22
7305,24,2023-12-28,2023-12-01,2024-11-30,2024-12-31,2024-11-28,2024-12-28,2,3
7306,36,2024-03-28,2024-03-01,2025-02-28,2025-03-31,2025-02-28,2025-03-28,0,3
7307,12,2024-11-09,2024-11-01,2025-10-31,2025-11-30,2025-10-09,2025-11-09,22,21
7308,24,2024-01-19,2024-01-01,2024-12-31,2025-01-31,2024-12-19,2025-01-19,12,12
7310,12,2024-01-30,2024-01-01,2024-12-31,2025-01-31,2024-12-30,2025-01-30,1,1
7311,36,2023-11-11,2023-11-01,2024-10-31,2024-11-30,2024-08-11,2024-09-11,81,80
7312,12,2024-01-23,2024-01-01,2024-12-31,2025-01-31,2025-01-23,NULL,-23,0
7313,12,2024-01-31,2024-01-01,2024-12-31,2025-01-31,2024-10-31,2024-12-31,61,31
7315,36,2023-09-25,2023-09-01,2024-08-31,2024-09-30,2024-06-25,2024-08-25,67,36
7316,24,2024-06-03,2024-06-01,2025-05-31,2025-06-30,2025-06-03,2025-07-03,-3,-3
7317,24,2024-03-05,2024-03-01,2025-02-28,2025-03-31,2025-03-05,2025-04-05,-5,-5
7318,12,2023-10-22,2023-10-01,2024-09-30,2024-10-31,2024-08-22,2024-09-22,39,39
7320,12,2023-09-02,2023-09-01,2024-08-31,2024-09-30,2024-09-02,NULL,-2,0
7321,24,2023-12-05,2023-12-01,2024-11-30,2024-12-31,2024-10-05,2024-11-05,56,56
7323,24,2023-09-03,2023-09-01,2024-08-31,2024-09-30,2024-09-03,2024-10-03,-3,-3
7324,24,2024-05-13,2024-05-01,2025-04-30,2025-05-31,2025-03-13,2025-04-13,48,48
7325,12,2023-11-12,2023-11-01,2024-10-31,2024-11-30,2024-09-12,2024-10-12,49,49
7326,12,2024-05-05,2024-05-01,2025-04-30,2025-05-31,2025-05-05,NULL,-5,0
7329,36,2024-08-16,2024-08-01,2025-07-31,2025-08-31,2025-08-16,2025-09-16,-16,-16
7330,24,2023-12-26,2023-12-01,2024-11-30,2024-12-31,2024-12-26,2024-12-26,-26,5
7331,36,2024-10-08,2024-10-01,2025-09-30,2025-10-31,2025-09-08,2025-10-08,22,23
7332,12,2023-11-23,2023-11-01,2024-10-31,2024-11-30,2024-11-23,NULL,-23,0
7334,24,2024-10-20,2024-10-01,2025-09-30,2025-10-31,2025-08-20,2025-09-20,41,41
7336,12,2023-11-17,2023-11-01,2024-10-31,2024-11-30,2024-11-17,2024-11-17,-17,13
7337,24,2023-11-13,2023-11-01,2024-10-31,2024-11-30,2024-10-13,2024-11-13,18,17
7338,36,2024-07-24,2024-07-01,2025-06-30,2025-07-31,2025-06-24,2025-07-24,6,7
7339,12,2023-12-17,2023-12-01,2024-11-30,2024-12-31,2024-12-17,NULL,-17,0
7342,12,2024-03-29,2024-03-01,2025-02-28,2025-03-31,2025-03-29,2025-03-29,-29,2
7343,12,2024-07-31,2024-07-01,2025-06-30,2025-07-31,2025-07-31,NULL,-31,0
7344,24,2024-03-09,2024-03-01,2025-02-28,2025-03-31,2025-02-09,2025-03-09,19,22
7347,24,2024-09-02,2024-09-01,2025-08-31,2025-09-30,2025-08-02,2025-09-02,29,28
7348,12,2024-12-19,2024-12-01,2025-11-30,2025-12-31,2025-12-19,NULL,-19,0
7350,24,2024-08-13,2024-08-01,2025-07-31,2025-08-31,2025-08-13,2025-09-13,-13,-13
7351,24,2023-10-06,2023-10-01,2024-09-30,2024-10-31,2024-09-06,2024-10-06,24,25
7355,36,2024-08-08,2024-08-01,2025-07-31,2025-08-31,2025-07-08,2025-08-08,23,23
7356,12,2024-06-07,2024-06-01,2025-05-31,2025-06-30,2025-05-07,2025-06-07,24,23
7357,24,2024-04-16,2024-04-01,2025-03-31,2025-04-30,2025-03-16,2025-04-16,15,14
7361,24,2023-10-05,2023-10-01,2024-09-30,2024-10-31,2024-09-05,2024-11-05,25,-5
7362,24,2024-05-25,2024-05-01,2025-04-30,2025-05-31,2025-05-25,2025-06-25,-25,-25
7364,24,2023-12-17,2023-12-01,2024-11-30,2024-12-31,2024-11-17,2024-12-17,13,14
7365,24,2024-06-28,2024-06-01,2025-05-31,2025-06-30,2025-04-28,2025-05-28,33,33
7366,36,2024-12-19,2024-12-01,2025-11-30,2025-12-31,2025-11-19,2025-12-19,11,12
7367,24,2023-10-11,2023-10-01,2024-09-30,2024-10-31,2024-09-11,2024-10-11,19,20
7368,24,2024-07-13,2024-07-01,2025-06-30,2025-07-31,2025-06-13,2025-07-13,17,18
7369,24,2024-03-23,2024-03-01,2025-02-28,2025-03-31,2025-02-23,2025-03-23,5,8
7370,24,2024-07-24,2024-07-01,2025-06-30,2025-07-31,2025-06-24,2025-07-24,6,7
7372,24,2024-01-05,2024-01-01,2024-12-31,2025-01-31,2024-12-05,2025-01-05,26,26
7373,12,2024-01-09,2024-01-01,2024-12-31,2025-01-31,2025-01-09,NULL,-9,0
7375,36,2023-11-11,2023-11-01,2024-10-31,2024-11-30,2024-09-11,2024-10-11,50,50
7376,12,2024-12-26,2024-12-01,2025-11-30,2025-12-31,2025-12-26,NULL,-26,0
7379,36,2023-12-02,2023-12-01,2024-11-30,2024-12-31,2024-12-02,2025-01-02,-2,-2
7380,12,2024-08-04,2024-08-01,2025-07-31,2025-08-31,2025-06-04,2025-07-04,57,58
7381,24,2024-05-29,2024-05-01,2025-04-30,2025-05-31,2025-05-29,2025-06-29,-29,-29
7382,36,2023-11-19,2023-11-01,2024-10-31,2024-11-30,2024-10-19,2024-11-19,12,11
7383,12,2024-03-19,2024-03-01,2025-02-28,2025-03-31,2025-02-19,2025-03-19,9,12
7384,12,2024-02-19,2024-02-01,2025-01-31,2025-02-28,2025-01-19,2025-02-19,12,9
7385,36,2023-12-16,2023-12-01,2024-11-30,2024-12-31,2024-10-16,2024-11-16,45,45
7387,24,2024-04-30,2024-04-01,2025-03-31,2025-04-30,2025-03-30,2025-04-30,1,0
7388,12,2024-01-31,2024-01-01,2024-12-31,2025-01-31,2024-10-31,2024-12-31,61,31
7389,36,2024-06-26,2024-06-01,2025-05-31,2025-06-30,2025-06-26,2025-07-26,-26,-26
7390,12,2023-11-06,2023-11-01,2024-10-31,2024-11-30,2024-10-06,2024-11-06,25,24
7391,24,2024-01-10,2024-01-01,2024-12-31,2025-01-31,2024-12-10,2025-01-10,21,21
7392,24,2024-03-06,2024-03-01,2025-02-28,2025-03-31,2025-03-06,2025-04-06,-6,-6
7393,24,2024-10-25,2024-10-01,2025-09-30,2025-10-31,2025-08-25,2025-08-25,36,67
7394,24,2024-02-25,2024-02-01,2025-01-31,2025-02-28,2025-01-25,2025-02-25,6,3
7397,24,2023-11-24,2023-11-01,2024-10-31,2024-11-30,2024-11-24,2024-12-24,-24,-24
7398,36,2024-03-28,2024-03-01,2025-02-28,2025-03-31,2025-03-28,2025-03-28,-28,3
7399,36,2024-06-14,2024-06-01,2025-05-31,2025-06-30,2025-05-14,2025-06-14,17,16
7401,24,2024-12-13,2024-12-01,2025-11-30,2025-12-31,2025-12-13,2026-01-13,-13,-13
7402,24,2024-03-19,2024-03-01,2025-02-28,2025-03-31,2025-02-19,2025-03-19,9,12
7403,24,2024-11-30,2024-11-01,2025-10-31,2025-11-30,2025-10-30,2025-12-30,1,-30
7404,24,2023-11-18,2023-11-01,2024-10-31,2024-11-30,2024-10-18,2024-11-18,13,12
7406,12,2024-10-23,2024-10-01,2025-09-30,2025-10-31,2025-09-23,2025-10-23,7,8
7407,24,2023-10-31,2023-10-01,2024-09-30,2024-10-31,2024-09-30,2024-10-31,0,0
7409,24,2024-07-23,2024-07-01,2025-06-30,2025-07-31,2025-06-23,2025-07-23,7,8
7412,24,2023-10-22,2023-10-01,2024-09-30,2024-10-31,2024-10-22,2024-11-22,-22,-22
7413,24,2024-01-25,2024-01-01,2024-12-31,2025-01-31,2024-12-25,2025-01-25,6,6
7414,24,2024-08-03,2024-08-01,2025-07-31,2025-08-31,2025-07-03,2025-08-03,28,28
7415,24,2024-12-29,2024-12-01,2025-11-30,2025-12-31,2025-10-29,2025-12-29,32,2
7417,36,2024-04-24,2024-04-01,2025-03-31,2025-04-30,2025-04-24,2025-05-24,-24,-24
7418,24,2023-12-15,2023-12-01,2024-11-30,2024-12-31,2024-12-15,2025-01-15,-15,-15
7420,12,2024-08-27,2024-08-01,2025-07-31,2025-08-31,2025-06-27,2025-07-27,34,35
7421,24,2024-04-09,2024-04-01,2025-03-31,2025-04-30,2025-04-09,2025-05-09,-9,-9
7422,36,2024-01-20,2024-01-01,2024-12-31,2025-01-31,2024-12-20,2025-01-20,11,11
7424,12,2023-12-12,2023-12-01,2024-11-30,2024-12-31,2024-10-12,2024-11-12,49,49
7425,12,2024-08-24,2024-08-01,2025-07-31,2025-08-31,2025-08-24,2025-08-24,-24,7
7426,24,2024-10-12,2024-10-01,2025-09-30,2025-10-31,2025-10-12,2025-11-12,-12,-12
7430,24,2024-04-02,2024-04-01,2025-03-31,2025-04-30,2025-02-02,2025-02-02,57,87
7431,36,2024-04-19,2024-04-01,2025-03-31,2025-04-30,2025-03-19,2025-04-19,12,11
7432,24,2024-03-10,2024-03-01,2025-02-28,2025-03-31,2025-02-10,2025-03-10,18,21
7433,36,2024-03-11,2024-03-01,2025-02-28,2025-03-31,2025-02-11,2025-03-11,17,20
7435,24,2024-01-23,2024-01-01,2024-12-31,2025-01-31,2025-01-23,2025-02-23,-23,-23
7436,12,2023-10-27,2023-10-01,2024-09-30,2024-10-31,2024-09-27,2024-10-27,3,4
7437,24,2024-10-03,2024-10-01,2025-09-30,2025-10-31,2025-10-03,2025-12-03,-3,-33
7438,24,2024-08-25,2024-08-01,2025-07-31,2025-08-31,2025-06-25,2025-07-25,36,37
7439,24,2024-01-27,2024-01-01,2024-12-31,2025-01-31,2025-01-27,2025-02-27,-27,-27
7440,36,2024-08-04,2024-08-01,2025-07-31,2025-08-31,2025-07-04,2025-08-04,27,27
7441,12,2024-09-01,2024-09-01,2025-08-31,2025-09-30,2025-08-01,2025-09-01,30,29
7442,12,2024-06-03,2024-06-01,2025-05-31,2025-06-30,2025-05-03,2025-06-03,28,27
7443,36,2024-08-15,2024-08-01,2025-07-31,2025-08-31,2025-06-15,2025-07-15,46,47
7446,24,2024-07-29,2024-07-01,2025-06-30,2025-07-31,2025-05-29,2025-07-29,32,2
7450,36,2023-12-21,2023-12-01,2024-11-30,2024-12-31,2024-11-21,2024-11-21,9,40
7456,36,2024-09-05,2024-09-01,2025-08-31,2025-09-30,2025-08-05,2025-09-05,26,25
7458,24,2024-02-15,2024-02-01,2025-01-31,2025-02-28,2025-02-15,2025-03-15,-15,-15
7459,24,2024-01-30,2024-01-01,2024-12-31,2025-01-31,2024-10-30,2024-11-30,62,62
7460,24,2024-01-04,2024-01-01,2024-12-31,2025-01-31,2024-12-04,2025-01-04,27,27
7461,24,2024-06-09,2024-06-01,2025-05-31,2025-06-30,2025-05-09,2025-06-09,22,21
7462,24,2024-10-30,2024-10-01,2025-09-30,2025-10-31,2025-08-30,2025-09-30,31,31
7463,12,2023-11-20,2023-11-01,2024-10-31,2024-11-30,2024-10-20,2024-11-20,11,10
7464,24,2024-06-07,2024-06-01,2025-05-31,2025-06-30,2025-05-07,2025-06-07,24,23
7466,36,2024-03-23,2024-03-01,2025-02-28,2025-03-31,2025-03-23,2025-04-23,-23,-23
7468,36,2024-12-11,2024-12-01,2025-11-30,2025-12-31,2025-12-11,2026-01-11,-11,-11
7469,24,2024-03-20,2024-03-01,2025-02-28,2025-03-31,2025-03-20,2025-04-20,-20,-20
7470,12,2024-08-04,2024-08-01,2025-07-31,2025-08-31,2025-06-04,2025-06-04,57,88
7475,12,2024-08-09,2024-08-01,2025-07-31,2025-08-31,2025-07-09,2025-08-09,22,22
7477,24,2024-08-06,2024-08-01,2025-07-31,2025-08-31,2025-07-06,2025-08-06,25,25
7479,36,2023-12-11,2023-12-01,2024-11-30,2024-12-31,2024-11-11,2024-12-11,19,20
7480,24,2024-08-18,2024-08-01,2025-07-31,2025-08-31,2025-07-18,2025-08-18,13,13
7481,36,2024-01-03,2024-01-01,2024-12-31,2025-01-31,2024-12-03,2025-01-03,28,28
7484,24,2024-02-23,2024-02-01,2025-01-31,2025-02-28,2025-01-23,2025-02-23,8,5
7485,12,2024-08-22,2024-08-01,2025-07-31,2025-08-31,2025-07-22,2025-08-22,9,9
7486,24,2024-01-02,2024-01-01,2024-12-31,2025-01-31,2025-01-02,2025-02-02,-2,-2
7487,24,2024-01-18,2024-01-01,2024-12-31,2025-01-31,2024-11-18,2024-12-18,43,44
7489,24,2024-07-10,2024-07-01,2025-06-30,2025-07-31,2025-07-10,2025-08-10,-10,-10
7491,24,2024-06-22,2024-06-01,2025-05-31,2025-06-30,2025-05-22,2025-06-22,9,8
7492,36,2024-09-13,2024-09-01,2025-08-31,2025-09-30,2025-09-13,2025-10-13,-13,-13
7493,24,2024-06-17,2024-06-01,2025-05-31,2025-06-30,2025-06-17,2025-07-17,-17,-17
7494,24,2024-08-26,2024-08-01,2025-07-31,2025-08-31,2025-07-26,2025-08-26,5,5
7495,36,2024-07-01,2024-07-01,2025-06-30,2025-07-31,2025-08-01,2025-09-01,-32,-32
7497,36,2024-06-30,2024-06-01,2025-05-31,2025-06-30,2025-06-30,2025-06-30,-30,0
7501,24,2024-08-03,2024-08-01,2025-07-31,2025-08-31,2025-08-03,2025-09-03,-3,-3
7504,36,2023-12-04,2023-12-01,2024-11-30,2024-12-31,2024-11-04,2024-12-04,26,27
7505,24,2024-03-28,2024-03-01,2025-02-28,2025-03-31,2025-02-28,2025-03-28,0,3
7508,12,2024-08-08,2024-08-01,2025-07-31,2025-08-31,2025-08-08,NULL,-8,0
7509,24,2023-12-25,2023-12-01,2024-11-30,2024-12-31,2024-11-25,2025-01-25,5,-25
7510,24,2023-12-27,2023-12-01,2024-11-30,2024-12-31,2024-11-27,2025-01-27,3,-27
7511,24,2024-08-10,2024-08-01,2025-07-31,2025-08-31,2025-08-10,2025-09-10,-10,-10
7513,12,2024-01-16,2024-01-01,2024-12-31,2025-01-31,2025-01-16,NULL,-16,0
7514,12,2024-03-05,2024-03-01,2025-02-28,2025-03-31,2025-03-05,NULL,-5,0
7515,36,2024-01-26,2024-01-01,2024-12-31,2025-01-31,2025-01-26,2025-02-26,-26,-26
7516,24,2024-03-10,2024-03-01,2025-02-28,2025-03-31,2025-02-10,2025-03-10,18,21
7518,24,2024-03-29,2024-03-01,2025-02-28,2025-03-31,2025-02-28,2025-04-29,0,-29
7519,24,2024-07-15,2024-07-01,2025-06-30,2025-07-31,2025-04-15,2025-05-15,76,77
7522,24,2024-12-12,2024-12-01,2025-11-30,2025-12-31,2025-12-12,2026-01-12,-12,-12
7523,24,2024-10-19,2024-10-01,2025-09-30,2025-10-31,2025-09-19,2025-10-19,11,12
7525,36,2024-11-21,2024-11-01,2025-10-31,2025-11-30,2025-11-21,2025-12-21,-21,-21
7526,24,2024-08-09,2024-08-01,2025-07-31,2025-08-31,2025-08-09,2025-09-09,-9,-9
7528,24,2024-03-03,2024-03-01,2025-02-28,2025-03-31,2025-03-03,2025-04-03,-3,-3
7529,24,2024-11-25,2024-11-01,2025-10-31,2025-11-30,2025-10-25,2025-11-25,6,5
7530,24,2024-05-04,2024-05-01,2025-04-30,2025-05-31,2025-05-04,2025-06-04,-4,-4
7531,36,2024-01-31,2024-01-01,2024-12-31,2025-01-31,2024-12-31,2025-02-28,0,-28
7533,36,2024-09-29,2024-09-01,2025-08-31,2025-09-30,2025-08-29,2025-09-29,2,1
7534,12,2024-07-06,2024-07-01,2025-06-30,2025-07-31,2025-06-06,2025-07-06,24,25
7535,24,2024-03-22,2024-03-01,2025-02-28,2025-03-31,2025-03-22,2025-04-22,-22,-22
7537,12,2024-11-20,2024-11-01,2025-10-31,2025-11-30,2025-09-20,2025-10-20,41,41
7538,24,2024-02-05,2024-02-01,2025-01-31,2025-02-28,2024-12-05,2025-01-05,57,54
7539,24,2024-07-12,2024-07-01,2025-06-30,2025-07-31,2025-07-12,2025-08-12,-12,-12
7540,24,2024-11-05,2024-11-01,2025-10-31,2025-11-30,2025-11-05,2025-12-05,-5,-5
7541,12,2024-08-09,2024-08-01,2025-07-31,2025-08-31,2025-08-09,NULL,-9,0
7544,24,2024-02-15,2024-02-01,2025-01-31,2025-02-28,2024-12-15,2025-01-15,47,44
7546,36,2024-04-15,2024-04-01,2025-03-31,2025-04-30,2025-03-15,2025-04-15,16,15
7547,24,2024-08-02,2024-08-01,2025-07-31,2025-08-31,2025-08-02,2025-09-02,-2,-2
7549,24,2024-08-01,2024-08-01,2025-07-31,2025-08-31,2025-08-01,2025-10-01,-1,-31
7550,24,2024-11-01,2024-11-01,2025-10-31,2025-11-30,2025-11-01,2026-01-01,-1,-32
7551,36,2024-06-26,2024-06-01,2025-05-31,2025-06-30,2025-06-26,2025-07-26,-26,-26
7552,12,2024-07-06,2024-07-01,2025-06-30,2025-07-31,2025-06-06,2025-07-06,24,25
7553,24,2024-06-09,2024-06-01,2025-05-31,2025-06-30,2025-06-09,2025-07-09,-9,-9
7554,12,2024-07-18,2024-07-01,2025-06-30,2025-07-31,2025-06-18,2025-07-18,12,13
7555,24,2024-03-27,2024-03-01,2025-02-28,2025-03-31,2025-03-27,2025-03-27,-27,4
7556,12,2024-11-11,2024-11-01,2025-10-31,2025-11-30,2025-11-11,NULL,-11,0
7557,12,2024-07-15,2024-07-01,2025-06-30,2025-07-31,2025-06-15,2025-07-15,15,16
7558,24,2024-08-30,2024-08-01,2025-07-31,2025-08-31,2025-07-30,2025-08-30,1,1
7559,36,2024-02-21,2024-02-01,2025-01-31,2025-02-28,2025-01-21,2025-02-21,10,7
7560,24,2024-02-29,2024-02-01,2025-01-31,2025-02-28,2025-02-28,2025-02-28,-28,0
7561,24,2024-12-10,2024-12-01,2025-11-30,2025-12-31,2025-09-10,2025-10-10,81,82
7562,36,2024-09-29,2024-09-01,2025-08-31,2025-09-30,2025-08-29,2025-08-29,2,32
7564,12,2024-09-15,2024-09-01,2025-08-31,2025-09-30,2025-08-15,2025-09-15,16,15
7565,36,2024-01-28,2024-01-01,2024-12-31,2025-01-31,2024-12-28,2024-12-28,3,34
7567,12,2024-05-29,2024-05-01,2025-04-30,2025-05-31,2025-05-29,NULL,-29,0
7569,36,2024-08-11,2024-08-01,2025-07-31,2025-08-31,2025-08-11,2025-09-11,-11,-11
7570,12,2024-12-29,2024-12-01,2025-11-30,2025-12-31,2025-11-29,2025-12-29,1,2
7571,24,2024-02-09,2024-02-01,2025-01-31,2025-02-28,2025-01-09,2025-02-09,22,19
7573,24,2024-08-10,2024-08-01,2025-07-31,2025-08-31,2025-08-10,2025-09-10,-10,-10
7574,36,2024-06-30,2024-06-01,2025-05-31,2025-06-30,2025-04-30,2025-06-30,31,0
7575,12,2024-01-30,2024-01-01,2024-12-31,2025-01-31,2024-12-30,2024-12-30,1,32
7576,24,2024-05-16,2024-05-01,2025-04-30,2025-05-31,2025-04-16,2025-05-16,14,15
7578,24,2024-05-27,2024-05-01,2025-04-30,2025-05-31,2025-05-27,2025-06-27,-27,-27
7581,36,2024-05-25,2024-05-01,2025-04-30,2025-05-31,2025-05-25,2025-06-25,-25,-25
7582,36,2024-11-10,2024-11-01,2025-10-31,2025-11-30,2025-08-10,2025-09-10,82,81
7583,24,2024-05-31,2024-05-01,2025-04-30,2025-05-31,2025-05-31,2025-05-31,-31,0
7584,24,2024-05-28,2024-05-01,2025-04-30,2025-05-31,2025-03-28,2025-03-28,33,64
7585,12,2024-09-17,2024-09-01,2025-08-31,2025-09-30,2025-09-17,NULL,-17,0
7586,36,2024-02-29,2024-02-01,2025-01-31,2025-02-28,2025-02-28,2025-02-28,-28,0
7587,36,2024-05-03,2024-05-01,2025-04-30,2025-05-31,2025-05-03,2025-06-03,-3,-3
7589,12,2024-03-09,2024-03-01,2025-02-28,2025-03-31,2025-03-09,NULL,-9,0
7590,24,2024-07-07,2024-07-01,2025-06-30,2025-07-31,2025-07-07,2025-08-07,-7,-7
7591,12,2024-03-28,2024-03-01,2025-02-28,2025-03-31,2025-01-28,2025-03-28,31,3
7592,36,2024-12-31,2024-12-01,2025-11-30,2025-12-31,2025-12-31,2026-01-31,-31,-31
7593,36,2024-11-04,2024-11-01,2025-10-31,2025-11-30,2025-11-04,2025-12-04,-4,-4
7594,24,2024-05-14,2024-05-01,2025-04-30,2025-05-31,2025-04-14,2025-05-14,16,17
7595,12,2024-04-26,2024-04-01,2025-03-31,2025-04-30,2025-03-26,2025-03-26,5,35
7596,12,2024-11-12,2024-11-01,2025-10-31,2025-11-30,2025-10-12,2025-11-12,19,18
7599,36,2024-06-23,2024-06-01,2025-05-31,2025-06-30,2025-06-23,2025-06-23,-23,7
7601,12,2024-06-19,2024-06-01,2025-05-31,2025-06-30,2025-05-19,2025-06-19,12,11
7602,36,2024-05-30,2024-05-01,2025-04-30,2025-05-31,2025-05-30,2025-05-30,-30,1
7603,36,2024-10-30,2024-10-01,2025-09-30,2025-10-31,2025-10-30,2025-11-30,-30,-30
7605,12,2024-09-22,2024-09-01,2025-08-31,2025-09-30,2025-08-22,2025-09-22,9,8
7607,36,2024-08-20,2024-08-01,2025-07-31,2025-08-31,2025-07-20,2025-08-20,11,11
7608,24,2024-12-21,2024-12-01,2025-11-30,2025-12-31,2025-12-21,2026-01-21,-21,-21
7609,12,2024-06-07,2024-06-01,2025-05-31,2025-06-30,2025-06-07,NULL,-7,0
7610,24,2024-03-21,2024-03-01,2025-02-28,2025-03-31,2025-01-21,2025-02-21,38,38
7611,24,2024-03-02,2024-03-01,2025-02-28,2025-03-31,2025-03-02,2025-04-02,-2,-2
7613,24,2024-07-18,2024-07-01,2025-06-30,2025-07-31,2025-06-18,2025-07-18,12,13
7614,12,2024-12-10,2024-12-01,2025-11-30,2025-12-31,2025-12-10,2025-12-10,-10,21
7619,24,2024-02-16,2024-02-01,2025-01-31,2025-02-28,2025-02-16,2025-03-16,-16,-16
7621,12,2024-04-26,2024-04-01,2025-03-31,2025-04-30,2025-04-26,NULL,-26,0
7624,36,2024-07-03,2024-07-01,2025-06-30,2025-07-31,2025-07-03,2025-08-03,-3,-3
7625,12,2024-12-20,2024-12-01,2025-11-30,2025-12-31,2025-11-20,2025-12-20,10,11
7626,24,2024-04-08,2024-04-01,2025-03-31,2025-04-30,2025-03-08,2025-04-08,23,22
7627,36,2024-09-26,2024-09-01,2025-08-31,2025-09-30,2025-09-26,2025-10-26,-26,-26
7629,24,2024-12-19,2024-12-01,2025-11-30,2025-12-31,2025-12-19,2025-12-19,-19,12
7631,36,2024-06-16,2024-06-01,2025-05-31,2025-06-30,2025-06-16,2025-07-16,-16,-16
7632,24,2024-07-07,2024-07-01,2025-06-30,2025-07-31,2025-06-07,2025-07-07,23,24
7636,12,2024-09-22,2024-09-01,2025-08-31,2025-09-30,2025-09-22,NULL,-22,0
7637,36,2024-03-01,2024-03-01,2025-02-28,2025-03-31,2025-03-01,2025-04-01,-1,-1
7639,12,2024-11-30,2024-11-01,2025-10-31,2025-11-30,2025-08-30,2025-09-30,62,61
7641,24,2024-04-29,2024-04-01,2025-03-31,2025-04-30,2025-03-29,2025-05-29,2,-29
7644,36,2024-07-20,2024-07-01,2025-06-30,2025-07-31,2025-06-20,2025-07-20,10,11
7646,36,2024-08-11,2024-08-01,2025-07-31,2025-08-31,2025-07-11,2025-08-11,20,20
7651,24,2024-09-22,2024-09-01,2025-08-31,2025-09-30,2025-07-22,2025-08-22,40,39
7653,12,2024-11-26,2024-11-01,2025-10-31,2025-11-30,2025-11-26,NULL,-26,0
7656,36,2024-09-21,2024-09-01,2025-08-31,2025-09-30,2025-08-21,2025-09-21,10,9
7658,24,2024-06-30,2024-06-01,2025-05-31,2025-06-30,2025-06-30,2025-07-30,-30,-30
7660,12,2024-12-09,2024-12-01,2025-11-30,2025-12-31,2025-12-09,NULL,-9,0
7661,24,2024-12-12,2024-12-01,2025-11-30,2025-12-31,2025-11-12,2025-12-12,18,19
7662,36,2024-08-07,2024-08-01,2025-07-31,2025-08-31,2025-07-07,2025-08-07,24,24
7665,36,2024-05-29,2024-05-01,2025-04-30,2025-05-31,2025-05-29,2025-05-29,-29,2
7667,36,2024-12-01,2024-12-01,2025-11-30,2025-12-31,2025-12-01,2026-01-01,-1,-1
7670,24,2024-06-15,2024-06-01,2025-05-31,2025-06-30,2025-06-15,2025-07-15,-15,-15
7673,36,2024-07-14,2024-07-01,2025-06-30,2025-07-31,2025-06-14,2025-07-14,16,17
7675,12,2024-09-22,2024-09-01,2025-08-31,2025-09-30,2025-09-22,NULL,-22,0
7676,36,2024-10-16,2024-10-01,2025-09-30,2025-10-31,2025-09-16,2025-10-16,14,15
7677,24,2024-12-11,2024-12-01,2025-11-30,2025-12-31,2025-12-11,2026-01-11,-11,-11
7680,12,2024-09-05,2024-09-01,2025-08-31,2025-09-30,2025-09-05,NULL,-5,0
7683,12,2024-05-30,2024-05-01,2025-04-30,2025-05-31,2025-05-30,2025-05-30,-30,1
7684,12,2024-12-12,2024-12-01,2025-11-30,2025-12-31,2025-12-12,NULL,-12,0
7685,36,2024-08-24,2024-08-01,2025-07-31,2025-08-31,2025-08-24,2025-09-24,-24,-24
7686,12,2024-08-09,2024-08-01,2025-07-31,2025-08-31,2025-08-09,NULL,-9,0
7694,12,2024-08-18,2024-08-01,2025-07-31,2025-08-31,2025-07-18,2025-08-18,13,13
7701,24,2024-07-08,2024-07-01,2025-06-30,2025-07-31,2025-06-08,2025-07-08,22,23
7702,12,2024-07-10,2024-07-01,2025-06-30,2025-07-31,2025-06-10,2025-07-10,20,21
7704,12,2024-08-25,2024-08-01,2025-07-31,2025-08-31,2025-08-25,NULL,-25,0
7705,24,2024-11-29,2024-11-01,2025-10-31,2025-11-30,2025-11-29,2025-11-29,-29,1
7710,36,2024-09-11,2024-09-01,2025-08-31,2025-09-30,2025-09-11,2025-10-11,-11,-11
7711,36,2024-09-30,2024-09-01,2025-08-31,2025-09-30,2025-08-30,2025-08-30,1,31
7712,36,2024-06-10,2024-06-01,2025-05-31,2025-06-30,2025-04-10,2025-05-10,51,51
7714,12,2024-10-01,2024-10-01,2025-09-30,2025-10-31,2025-10-01,2025-10-01,-1,30
7715,24,2024-08-02,2024-08-01,2025-07-31,2025-08-31,2025-06-02,2025-07-02,59,60
7717,12,2024-07-26,2024-07-01,2025-06-30,2025-07-31,2025-05-26,2025-06-26,35,35
7720,24,2024-09-04,2024-09-01,2025-08-31,2025-09-30,2025-08-04,2025-09-04,27,26
7724,24,2024-10-21,2024-10-01,2025-09-30,2025-10-31,2025-10-21,2025-11-21,-21,-21
7728,36,2024-12-23,2024-12-01,2025-11-30,2025-12-31,2025-11-23,2025-12-23,7,8
7729,36,2024-07-07,2024-07-01,2025-06-30,2025-07-31,2025-07-07,2025-08-07,-7,-7
7731,12,2024-05-29,2024-05-01,2025-04-30,2025-05-31,2025-04-29,2025-05-29,1,2
7732,24,2024-10-27,2024-10-01,2025-09-30,2025-10-31,2025-10-27,2025-11-27,-27,-27
7733,36,2024-12-01,2024-12-01,2025-11-30,2025-12-31,2025-11-01,2025-12-01,29,30
7735,12,2024-11-16,2024-11-01,2025-10-31,2025-11-30,2025-11-16,NULL,-16,0
7737,36,2024-09-04,2024-09-01,2025-08-31,2025-09-30,2025-08-04,2025-09-04,27,26
7738,24,2024-09-23,2024-09-01,2025-08-31,2025-09-30,2025-07-23,2025-08-23,39,38
7739,24,2024-06-23,2024-06-01,2025-05-31,2025-06-30,2025-05-23,2025-06-23,8,7
7741,24,2024-11-17,2024-11-01,2025-10-31,2025-11-30,2025-09-17,2025-10-17,44,44
7751,12,2024-12-03,2024-12-01,2025-11-30,2025-12-31,2025-11-03,2025-12-03,27,28
7753,24,2024-11-08,2024-11-01,2025-10-31,2025-11-30,2025-11-08,2025-12-08,-8,-8
7757,36,2024-07-04,2024-07-01,2025-06-30,2025-07-31,2025-06-04,2025-07-04,26,27
7759,36,2024-10-11,2024-10-01,2025-09-30,2025-10-31,2025-09-11,2025-10-11,19,20
7760,24,2024-08-09,2024-08-01,2025-07-31,2025-08-31,2025-08-09,2025-09-09,-9,-9
7762,36,2024-09-24,2024-09-01,2025-08-31,2025-09-30,2025-09-24,2025-10-24,-24,-24
7763,24,2024-07-21,2024-07-01,2025-06-30,2025-07-31,2025-05-21,2025-06-21,40,40
7764,12,2024-11-01,2024-11-01,2025-10-31,2025-11-30,2025-11-01,NULL,-1,0
7765,24,2024-09-16,2024-09-01,2025-08-31,2025-09-30,2025-08-16,2025-09-16,15,14
7770,36,2024-11-03,2024-11-01,2025-10-31,2025-11-30,2025-11-03,2025-12-03,-3,-3
7772,24,2024-08-20,2024-08-01,2025-07-31,2025-08-31,2025-07-20,2025-08-20,11,11
7775,36,2024-09-21,2024-09-01,2025-08-31,2025-09-30,2025-09-21,2025-10-21,-21,-21
7782,36,2024-12-11,2024-12-01,2025-11-30,2025-12-31,2025-12-11,2026-01-11,-11,-11
7783,24,2024-09-30,2024-09-01,2025-08-31,2025-09-30,2025-08-30,2025-09-30,1,0
7786,12,2024-11-01,2024-11-01,2025-10-31,2025-11-30,2025-11-01,NULL,-1,0
7790,12,2024-09-26,2024-09-01,2025-08-31,2025-09-30,2025-08-26,2025-09-26,5,4
7791,12,2024-12-16,2024-12-01,2025-11-30,2025-12-31,2025-12-16,NULL,-16,0
7794,24,2024-10-17,2024-10-01,2025-09-30,2025-10-31,2025-10-17,2025-11-17,-17,-17
7798,36,2024-10-31,2024-10-01,2025-09-30,2025-10-31,2025-09-30,2025-10-31,0,0
7800,12,2024-12-05,2024-12-01,2025-11-30,2025-12-31,2025-10-05,2025-11-05,56,56
7801,12,2024-11-13,2024-11-01,2025-10-31,2025-11-30,2025-11-13,NULL,-13,0
7805,36,2024-10-15,2024-10-01,2025-09-30,2025-10-31,2025-08-15,2025-09-15,46,46
7807,36,2024-10-27,2024-10-01,2025-09-30,2025-10-31,2025-10-27,2025-10-27,-27,4
7809,36,2024-08-24,2024-08-01,2025-07-31,2025-08-31,2025-08-24,2025-09-24,-24,-24
7811,12,2024-08-07,2024-08-01,2025-07-31,2025-08-31,2025-08-07,NULL,-7,0
7815,12,2024-10-30,2024-10-01,2025-09-30,2025-10-31,2025-10-30,2025-10-30,-30,1
7818,12,2024-11-22,2024-11-01,2025-10-31,2025-11-30,2025-11-22,NULL,-22,0
7821,36,2024-07-26,2024-07-01,2025-06-30,2025-07-31,2025-06-26,2025-08-26,4,-26
7822,36,2024-11-04,2024-11-01,2025-10-31,2025-11-30,2025-11-04,2025-12-04,-4,-4
7823,24,2024-08-11,2024-08-01,2025-07-31,2025-08-31,2025-08-11,2025-09-11,-11,-11
7825,24,2024-07-24,2024-07-01,2025-06-30,2025-07-31,2025-07-24,2025-08-24,-24,-24
7827,24,2024-10-28,2024-10-01,2025-09-30,2025-10-31,2025-09-28,2025-10-28,2,3
7829,24,2024-10-23,2024-10-01,2025-09-30,2025-10-31,2025-10-23,2025-11-23,-23,-23
7834,12,2024-10-16,2024-10-01,2025-09-30,2025-10-31,2025-09-16,2025-10-16,14,15
7836,24,2024-09-02,2024-09-01,2025-08-31,2025-09-30,2025-08-02,2025-09-02,29,28
7843,36,2024-07-27,2024-07-01,2025-06-30,2025-07-31,2025-06-27,2025-07-27,3,4
7844,24,2024-12-28,2024-12-01,2025-11-30,2025-12-31,2025-10-28,2025-11-28,33,33
7849,12,2024-12-29,2024-12-01,2025-11-30,2025-12-31,2025-11-29,NULL,1,0
7852,24,2024-12-01,2024-12-01,2025-11-30,2025-12-31,2025-11-01,2025-12-01,29,30
7855,36,2024-12-11,2024-12-01,2025-11-30,2025-12-31,2025-12-11,2026-01-11,-11,-11
7856,24,2024-09-06,2024-09-01,2025-08-31,2025-09-30,2025-09-06,2025-10-06,-6,-6
7860,24,2024-12-24,2024-12-01,2025-11-30,2025-12-31,2025-11-24,2025-12-24,6,7
7862,36,2024-12-16,2024-12-01,2025-11-30,2025-12-31,2025-12-16,2026-01-16,-16,-16
7863,24,2024-10-05,2024-10-01,2025-09-30,2025-10-31,2025-10-05,2025-11-05,-5,-5
7864,36,2024-11-14,2024-11-01,2025-10-31,2025-11-30,2025-11-14,2025-12-14,-14,-14
7868,36,2024-08-20,2024-08-01,2025-07-31,2025-08-31,2025-08-20,2025-09-20,-20,-20
7870,12,2024-12-12,2024-12-01,2025-11-30,2025-12-31,2025-11-12,2025-12-12,18,19
7873,24,2024-11-02,2024-11-01,2025-10-31,2025-11-30,2025-10-02,2025-11-02,29,28
7875,12,2024-11-11,2024-11-01,2025-10-31,2025-11-30,2025-10-11,2025-11-11,20,19
7878,24,2024-12-27,2024-12-01,2025-11-30,2025-12-31,2025-12-27,2026-01-27,-27,-27
7890,24,2024-10-10,2024-10-01,2025-09-30,2025-10-31,2025-10-10,2025-11-10,-10,-10
7894,36,2024-11-20,2024-11-01,2025-10-31,2025-11-30,2025-11-20,2025-12-20,-20,-20
7896,36,2024-12-07,2024-12-01,2025-11-30,2025-12-31,2025-11-07,2025-12-07,23,24
7897,24,2024-12-26,2024-12-01,2025-11-30,2025-12-31,2025-12-26,2026-01-26,-26,-26
7913,12,2024-10-08,2024-10-01,2025-09-30,2025-10-31,2025-10-08,NULL,-8,0
7914,12,2024-08-31,2024-08-01,2025-07-31,2025-08-31,2025-07-31,2025-08-31,0,0
7917,24,2024-11-03,2024-11-01,2025-10-31,2025-11-30,2025-09-03,2025-10-03,58,58
7918,24,2024-12-22,2024-12-01,2025-11-30,2025-12-31,2025-11-22,2025-12-22,8,9
7921,36,2024-11-14,2024-11-01,2025-10-31,2025-11-30,2025-11-14,2025-12-14,-14,-14
7925,24,2024-12-08,2024-12-01,2025-11-30,2025-12-31,2025-12-08,2026-01-08,-8,-8
7927,36,2024-12-09,2024-12-01,2025-11-30,2025-12-31,2025-12-09,2026-01-09,-9,-9
7929,24,2024-11-20,2024-11-01,2025-10-31,2025-11-30,2025-10-20,2025-11-20,11,10
7935,24,2024-10-20,2024-10-01,2025-09-30,2025-10-31,2025-09-20,2025-10-20,10,11
7939,36,2024-11-02,2024-11-01,2025-10-31,2025-11-30,2025-11-02,2025-12-02,-2,-2
7959,24,2024-10-24,2024-10-01,2025-09-30,2025-10-31,2025-09-24,2025-10-24,6,7
7963,12,2024-11-06,2024-11-01,2025-10-31,2025-11-30,2025-10-06,2025-11-06,25,24
7966,36,2024-12-17,2024-12-01,2025-11-30,2025-12-31,2025-11-17,2025-12-17,13,14
7978,12,2024-12-31,2024-12-01,2025-11-30,2025-12-31,2025-12-31,NULL,-31,0
7982,24,2024-11-11,2024-11-01,2025-10-31,2025-11-30,2025-11-11,2025-12-11,-11,-11
7990,24,2024-12-26,2024-12-01,2025-11-30,2025-12-31,2025-11-26,2025-12-26,4,5
7993,24,2024-12-26,2024-12-01,2025-11-30,2025-12-31,2025-10-26,2025-10-26,35,66
7996,24,2024-11-15,2024-11-01,2025-10-31,2025-11-30,2025-10-15,2025-11-15,16,15
8017,12,2024-12-28,2024-12-01,2025-11-30,2025-12-31,2025-11-28,2025-12-28,2,3
8037,24,2024-12-17,2024-12-01,2025-11-30,2025-12-31,2025-12-17,2026-01-17,-17,-17
8049,36,2024-12-31,2024-12-01,2025-11-30,2025-12-31,2025-11-30,2026-01-31,0,-31
