loan_id,term_months,origination_date,origination_month,snapshot_date_mob11,scheduled_cumulative_pay_mob11,snapshot_date_mob12,scheduled_cumulative_pay_mob12
9,12,2023-01-26,2023-01-01,2023-12-31,840.31,2024-01-31,916.70
25,12,2023-02-04,2023-02-01,2024-01-31,977.52,2024-02-29,1066.37
34,12,2023-03-29,2023-03-01,2024-02-29,704.19,2024-03-31,768.23
45,12,2023-03-17,2023-03-01,2024-02-29,793.98,2024-03-31,866.15
47,12,2023-03-04,2023-03-01,2024-02-29,251.98,2024-03-31,274.89
54,12,2023-04-11,2023-04-01,2024-03-31,560.74,2024-04-30,611.72
62,12,2023-04-11,2023-04-01,2024-03-31,332.95,2024-04-30,363.21
64,12,2023-04-13,2023-04-01,2024-03-31,1297.12,2024-04-30,1415.03
65,12,2023-05-15,2023-05-01,2024-04-30,318.52,2024-05-31,347.46
69,12,2023-05-09,2023-05-01,2024-04-30,226.86,2024-05-31,247.50
76,12,2023-05-22,2023-05-01,2024-04-30,431.28,2024-05-31,470.48
77,12,2023-05-31,2023-05-01,2024-04-30,273.04,2024-05-31,297.88
78,12,2023-05-19,2023-05-01,2024-04-30,1259.64,2024-05-31,1374.16
83,12,2023-05-22,2023-05-01,2024-04-30,401.71,2024-05-31,438.22
93,12,2023-06-12,2023-06-01,2024-05-31,722.17,2024-06-30,787.82
94,12,2023-06-30,2023-06-01,2024-05-31,766.23,2024-06-30,835.90
96,12,2023-06-05,2023-06-01,2024-05-31,590.19,2024-06-30,643.86
107,12,2023-06-14,2023-06-01,2024-05-31,340.77,2024-06-30,371.74
110,12,2023-06-16,2023-06-01,2024-05-31,354.83,2024-06-30,387.08
112,12,2023-06-01,2023-06-01,2024-05-31,737.06,2024-06-30,804.06
122,12,2023-07-17,2023-07-01,2024-06-30,492.91,2024-07-31,537.73
126,12,2023-07-18,2023-07-01,2024-06-30,822.44,2024-07-31,897.21
135,12,2023-07-15,2023-07-01,2024-06-30,420.84,2024-07-31,459.10
153,12,2023-08-27,2023-08-01,2024-07-31,597.70,2024-08-31,652.03
154,12,2023-08-25,2023-08-01,2024-07-31,276.65,2024-08-31,301.79
172,12,2023-08-05,2023-08-01,2024-07-31,559.72,2024-08-31,610.60
176,12,2023-08-28,2023-08-01,2024-07-31,642.51,2024-08-31,700.93
180,12,2023-09-19,2023-09-01,2024-08-31,650.40,2024-09-30,709.53
188,12,2023-09-25,2023-09-01,2024-08-31,466.92,2024-09-30,509.36
191,12,2023-09-24,2023-09-01,2024-08-31,329.16,2024-09-30,359.08
195,12,2023-09-03,2023-09-01,2024-08-31,1108.81,2024-09-30,1209.64
205,12,2023-09-26,2023-09-01,2024-08-31,689.67,2024-09-30,752.35
209,12,2023-09-18,2023-09-01,2024-08-31,1094.44,2024-09-30,1193.94
212,12,2023-09-29,2023-09-01,2024-08-31,398.13,2024-09-30,434.32
222,12,2023-09-04,2023-09-01,2024-08-31,810.45,2024-09-30,884.13
231,12,2023-10-18,2023-10-01,2024-09-30,309.81,2024-10-31,337.97
236,12,2023-10-29,2023-10-01,2024-09-30,375.30,2024-10-31,409.42
240,12,2023-10-09,2023-10-01,2024-09-30,474.69,2024-10-31,517.84
251,12,2023-10-28,2023-10-01,2024-09-30,488.40,2024-10-31,532.81
254,12,2023-10-10,2023-10-01,2024-09-30,538.81,2024-10-31,587.78
259,12,2023-10-24,2023-10-01,2024-09-30,813.35,2024-10-31,887.31
262,12,2023-10-01,2023-10-01,2024-09-30,366.00,2024-10-31,399.27
272,12,2023-10-30,2023-10-01,2024-09-30,518.73,2024-10-31,565.86
278,12,2023-10-31,2023-10-01,2024-09-30,212.90,2024-10-31,232.25
281,12,2023-10-03,2023-10-01,2024-09-30,590.64,2024-10-31,644.33
284,12,2023-11-16,2023-11-01,2024-10-31,739.43,2024-11-30,806.65
304,12,2023-11-13,2023-11-01,2024-10-31,968.29,2024-11-30,1056.33
310,12,2023-11-12,2023-11-01,2024-10-31,481.84,2024-11-30,525.64
312,12,2023-11-27,2023-11-01,2024-10-31,449.21,2024-11-30,490.05
328,12,2023-11-13,2023-11-01,2024-10-31,767.99,2024-11-30,837.80
332,12,2023-11-01,2023-11-01,2024-10-31,586.91,2024-11-30,640.28
350,12,2023-11-22,2023-11-01,2024-10-31,1006.78,2024-11-30,1098.31
364,12,2023-11-23,2023-11-01,2024-10-31,402.65,2024-11-30,439.25
375,12,2023-12-20,2023-12-01,2024-11-30,548.20,2024-12-31,598.04
381,12,2023-12-03,2023-12-01,2024-11-30,815.87,2024-12-31,890.04
388,12,2023-12-11,2023-12-01,2024-11-30,413.24,2024-12-31,450.81
389,12,2023-12-13,2023-12-01,2024-11-30,439.13,2024-12-31,479.05
401,12,2023-12-26,2023-12-01,2024-11-30,1236.93,2024-12-31,1349.38
409,12,2023-12-09,2023-12-01,2024-11-30,1152.32,2024-12-31,1257.08
411,12,2023-12-24,2023-12-01,2024-11-30,482.30,2024-12-31,526.14
432,12,2023-12-18,2023-12-01,2024-11-30,407.60,2024-12-31,444.66
457,12,2023-12-09,2023-12-01,2024-11-30,293.49,2024-12-31,320.18
480,12,2024-01-09,2024-01-01,2024-12-31,468.89,2025-01-31,511.50
481,12,2024-01-25,2024-01-01,2024-12-31,466.18,2025-01-31,508.56
482,12,2024-01-21,2024-01-01,2024-12-31,448.35,2025-01-31,489.11
485,12,2024-01-04,2024-01-01,2024-12-31,503.16,2025-01-31,548.90
488,12,2024-01-01,2024-01-01,2024-12-31,726.19,2025-01-31,792.20
500,12,2024-01-03,2024-01-01,2024-12-31,364.44,2025-01-31,397.58
537,12,2024-01-04,2024-01-01,2024-12-31,360.48,2025-01-31,393.26
552,12,2024-01-07,2024-01-01,2024-12-31,295.04,2025-01-31,321.86
553,12,2024-01-04,2024-01-01,2024-12-31,863.17,2025-01-31,941.64
567,12,2024-02-18,2024-02-01,2025-01-31,976.16,2025-02-28,1064.91
574,12,2024-02-19,2024-02-01,2025-01-31,726.50,2025-02-28,792.51
585,12,2024-02-24,2024-02-01,2025-01-31,645.09,2025-02-28,703.74
588,12,2024-02-10,2024-02-01,2025-01-31,1037.76,2025-02-28,1132.10
593,12,2024-02-14,2024-02-01,2025-01-31,442.53,2025-02-28,482.75
594,12,2024-02-09,2024-02-01,2025-01-31,402.14,2025-02-28,438.68
602,12,2024-02-25,2024-02-01,2025-01-31,653.48,2025-02-28,712.89
605,12,2024-02-15,2024-02-01,2025-01-31,489.70,2025-02-28,534.20
615,12,2024-02-08,2024-02-01,2025-01-31,440.55,2025-02-28,480.61
628,12,2024-02-04,2024-02-01,2025-01-31,1128.87,2025-02-28,1231.50
640,12,2024-03-10,2024-03-01,2025-02-28,1019.64,2025-03-31,1112.34
644,12,2024-03-09,2024-03-01,2025-02-28,594.36,2025-03-31,648.38
656,12,2024-03-16,2024-03-01,2025-02-28,462.22,2025-03-31,504.21
660,12,2024-03-02,2024-03-01,2025-02-28,463.23,2025-03-31,505.33
665,12,2024-03-11,2024-03-01,2025-02-28,545.28,2025-03-31,594.87
666,12,2024-03-05,2024-03-01,2025-02-28,989.38,2025-03-31,1079.31
680,12,2024-03-02,2024-03-01,2025-02-28,527.56,2025-03-31,575.50
714,12,2024-03-12,2024-03-01,2025-02-28,407.86,2025-03-31,444.93
715,12,2024-03-19,2024-03-01,2025-02-28,275.85,2025-03-31,300.93
730,12,2024-03-11,2024-03-01,2025-02-28,558.15,2025-03-31,608.89
744,12,2024-03-04,2024-03-01,2025-02-28,669.13,2025-03-31,729.96
750,12,2024-04-07,2024-04-01,2025-03-31,1074.61,2025-04-30,1172.30
759,12,2024-04-13,2024-04-01,2025-03-31,606.59,2025-04-30,661.75
765,12,2024-04-29,2024-04-01,2025-03-31,723.41,2025-04-30,789.17
783,12,2024-04-28,2024-04-01,2025-03-31,525.21,2025-04-30,572.95
784,12,2024-04-09,2024-04-01,2025-03-31,390.47,2025-04-30,425.98
786,12,2024-04-26,2024-04-01,2025-03-31,450.32,2025-04-30,491.26
793,12,2024-04-07,2024-04-01,2025-03-31,654.01,2025-04-30,713.45
816,12,2024-04-04,2024-04-01,2025-03-31,247.06,2025-04-30,269.52
817,12,2024-04-12,2024-04-01,2025-03-31,542.86,2025-04-30,592.22
829,12,2024-04-16,2024-04-01,2025-03-31,442.99,2025-04-30,483.26
852,12,2024-04-06,2024-04-01,2025-03-31,559.88,2025-04-30,610.77
859,12,2024-04-11,2024-04-01,2025-03-31,795.92,2025-04-30,868.27
864,12,2024-04-28,2024-04-01,2025-03-31,712.68,2025-04-30,777.44
873,12,2024-04-06,2024-04-01,2025-03-31,507.21,2025-04-30,553.31
890,12,2024-05-31,2024-05-01,2025-04-30,652.52,2025-05-31,711.85
895,12,2024-05-06,2024-05-01,2025-04-30,915.70,2025-05-31,998.94
920,12,2024-05-01,2024-05-01,2025-04-30,320.58,2025-05-31,349.73
930,12,2024-05-09,2024-05-01,2025-04-30,820.02,2025-05-31,894.58
934,12,2024-05-09,2024-05-01,2025-04-30,945.73,2025-05-31,1031.70
944,12,2024-05-09,2024-05-01,2025-04-30,525.68,2025-05-31,573.46
967,12,2024-05-15,2024-05-01,2025-04-30,767.36,2025-05-31,837.12
969,12,2024-05-15,2024-05-01,2025-04-30,781.65,2025-05-31,852.70
971,12,2024-05-02,2024-05-01,2025-04-30,405.36,2025-05-31,442.22
976,12,2024-05-11,2024-05-01,2025-04-30,345.92,2025-05-31,377.35
992,12,2024-05-17,2024-05-01,2025-04-30,671.72,2025-05-31,732.78
1014,12,2024-06-21,2024-06-01,2025-05-31,508.38,2025-06-30,554.60
1031,12,2024-06-25,2024-06-01,2025-05-31,358.94,2025-06-30,391.58
1035,12,2024-06-10,2024-06-01,2025-05-31,621.84,2025-06-30,678.36
1048,12,2024-06-07,2024-06-01,2025-05-31,753.41,2025-06-30,821.92
1050,12,2024-06-17,2024-06-01,2025-05-31,491.21,2025-06-30,535.86
1055,12,2024-06-16,2024-06-01,2025-05-31,623.40,2025-06-30,680.07
1056,12,2024-06-17,2024-06-01,2025-05-31,890.78,2025-06-30,971.75
1073,12,2024-06-05,2024-06-01,2025-05-31,355.41,2025-06-30,387.73
1089,12,2024-06-05,2024-06-01,2025-05-31,646.14,2025-06-30,704.89
1091,12,2024-06-10,2024-06-01,2025-05-31,456.53,2025-06-30,498.04
1097,12,2024-06-18,2024-06-01,2025-05-31,445.11,2025-06-30,485.58
1100,12,2024-06-10,2024-06-01,2025-05-31,506.69,2025-06-30,552.75
1105,12,2024-06-18,2024-06-01,2025-05-31,540.04,2025-06-30,589.12
1117,12,2024-06-22,2024-06-01,2025-05-31,352.41,2025-06-30,384.45
1124,12,2024-07-14,2024-07-01,2025-06-30,548.67,2025-07-31,598.56
1127,12,2024-07-07,2024-07-01,2025-06-30,445.07,2025-07-31,485.54
1147,12,2024-07-03,2024-07-01,2025-06-30,386.95,2025-07-31,422.13
1193,12,2024-07-14,2024-07-01,2025-06-30,553.16,2025-07-31,603.43
1198,12,2024-07-07,2024-07-01,2025-06-30,586.07,2025-07-31,639.34
1209,12,2024-07-07,2024-07-01,2025-06-30,322.88,2025-07-31,352.23
1210,12,2024-07-20,2024-07-01,2025-06-30,564.37,2025-07-31,615.69
1212,12,2024-07-26,2024-07-01,2025-06-30,528.69,2025-07-31,576.74
1216,12,2024-07-16,2024-07-01,2025-06-30,1026.74,2025-07-31,1120.09
1217,12,2024-07-30,2024-07-01,2025-06-30,367.22,2025-07-31,400.57
1229,12,2024-07-17,2024-07-01,2025-06-30,622.75,2025-07-31,679.36
1233,12,2024-07-12,2024-07-01,2025-06-30,356.88,2025-07-31,389.33
1249,12,2024-07-09,2024-07-01,2025-06-30,613.37,2025-07-31,669.14
1259,12,2024-07-30,2024-07-01,2025-06-30,751.41,2025-07-31,819.73
1260,12,2024-07-22,2024-07-01,2025-06-30,1173.33,2025-07-31,1279.99
1263,12,2024-07-03,2024-07-01,2025-06-30,571.99,2025-07-31,623.98
1272,12,2024-07-14,2024-07-01,2025-06-30,1571.28,2025-07-31,1714.14
1277,12,2024-07-21,2024-07-01,2025-06-30,433.32,2025-07-31,472.71
1278,12,2024-07-11,2024-07-01,2025-06-30,669.96,2025-07-31,730.87
1295,12,2024-08-09,2024-08-01,2025-07-31,602.09,2025-08-31,656.81
1305,12,2024-08-11,2024-08-01,2025-07-31,331.82,2025-08-31,361.99
1313,12,2024-08-07,2024-08-01,2025-07-31,1046.45,2025-08-31,1141.59
1316,12,2024-08-30,2024-08-01,2025-07-31,559.40,2025-08-31,610.25
1317,12,2024-08-09,2024-08-01,2025-07-31,814.11,2025-08-31,888.11
1319,12,2024-08-10,2024-08-01,2025-07-31,524.73,2025-08-31,572.43
1321,12,2024-08-23,2024-08-01,2025-07-31,454.41,2025-08-31,495.71
1329,12,2024-08-05,2024-08-01,2025-07-31,892.06,2025-08-31,973.17
1333,12,2024-08-08,2024-08-01,2025-07-31,775.06,2025-08-31,845.51
1344,12,2024-08-17,2024-08-01,2025-07-31,687.14,2025-08-31,749.60
1351,12,2024-08-03,2024-08-01,2025-07-31,836.91,2025-08-31,913.01
1354,12,2024-08-18,2024-08-01,2025-07-31,736.45,2025-08-31,803.41
1364,12,2024-08-10,2024-08-01,2025-07-31,558.96,2025-08-31,609.79
1369,12,2024-08-17,2024-08-01,2025-07-31,964.90,2025-08-31,1052.62
1381,12,2024-08-03,2024-08-01,2025-07-31,1269.56,2025-08-31,1384.96
1384,12,2024-08-23,2024-08-01,2025-07-31,482.48,2025-08-31,526.32
1392,12,2024-08-15,2024-08-01,2025-07-31,473.29,2025-08-31,516.32
1400,12,2024-08-27,2024-08-01,2025-07-31,836.59,2025-08-31,912.66
1402,12,2024-08-07,2024-08-01,2025-07-31,863.50,2025-08-31,942.01
1413,12,2024-08-08,2024-08-01,2025-07-31,247.94,2025-08-31,270.46
1418,12,2024-08-16,2024-08-01,2025-07-31,461.67,2025-08-31,503.65
1430,12,2024-08-03,2024-08-01,2025-07-31,439.82,2025-08-31,479.80
1431,12,2024-08-15,2024-08-01,2025-07-31,651.49,2025-08-31,710.71
1444,12,2024-09-30,2024-09-01,2025-08-31,623.50,2025-09-30,680.19
1460,12,2024-09-15,2024-09-01,2025-08-31,586.87,2025-09-30,640.23
1475,12,2024-09-14,2024-09-01,2025-08-31,171.32,2025-09-30,186.88
1481,12,2024-09-05,2024-09-01,2025-08-31,1119.45,2025-09-30,1221.21
1498,12,2024-09-01,2024-09-01,2025-08-31,690.90,2025-09-30,753.72
1502,12,2024-09-24,2024-09-01,2025-08-31,207.02,2025-09-30,225.85
1513,12,2024-09-05,2024-09-01,2025-08-31,1097.11,2025-09-30,1196.86
1515,12,2024-09-28,2024-09-01,2025-08-31,892.74,2025-09-30,973.88
1538,12,2024-09-12,2024-09-01,2025-08-31,916.28,2025-09-30,999.56
1546,12,2024-09-25,2024-09-01,2025-08-31,861.38,2025-09-30,939.68
1550,12,2024-09-27,2024-09-01,2025-08-31,429.69,2025-09-30,468.76
1555,12,2024-09-04,2024-09-01,2025-08-31,531.65,2025-09-30,579.98
1564,12,2024-09-04,2024-09-01,2025-08-31,1027.14,2025-09-30,1120.52
1569,12,2024-09-19,2024-09-01,2025-08-31,1013.39,2025-09-30,1105.53
1585,12,2024-09-19,2024-09-01,2025-08-31,286.08,2025-09-30,312.10
1627,12,2024-09-06,2024-09-01,2025-08-31,556.13,2025-09-30,606.68
1631,12,2024-09-17,2024-09-01,2025-08-31,551.41,2025-09-30,601.52
1634,12,2024-09-02,2024-09-01,2025-08-31,177.77,2025-09-30,193.93
1644,12,2024-10-19,2024-10-01,2025-09-30,912.27,2025-10-31,995.22
1646,12,2024-10-20,2024-10-01,2025-09-30,930.22,2025-10-31,1014.77
1649,12,2024-10-04,2024-10-01,2025-09-30,671.59,2025-10-31,732.65
1654,12,2024-10-24,2024-10-01,2025-09-30,760.99,2025-10-31,830.17
1659,12,2024-10-15,2024-10-01,2025-09-30,531.34,2025-10-31,579.63
1665,12,2024-10-25,2024-10-01,2025-09-30,434.14,2025-10-31,473.61
1667,12,2024-10-20,2024-10-01,2025-09-30,474.82,2025-10-31,518.00
1678,12,2024-10-04,2024-10-01,2025-09-30,714.38,2025-10-31,779.34
1684,12,2024-10-25,2024-10-01,2025-09-30,704.85,2025-10-31,768.93
1702,12,2024-10-22,2024-10-01,2025-09-30,875.71,2025-10-31,955.33
1716,12,2024-10-19,2024-10-01,2025-09-30,670.32,2025-10-31,731.25
1717,12,2024-10-31,2024-10-01,2025-09-30,866.70,2025-10-31,945.49
1723,12,2024-10-23,2024-10-01,2025-09-30,490.93,2025-10-31,535.54
1725,12,2024-10-15,2024-10-01,2025-09-30,736.01,2025-10-31,802.90
1746,12,2024-10-29,2024-10-01,2025-09-30,670.02,2025-10-31,730.93
1763,12,2024-10-16,2024-10-01,2025-09-30,311.84,2025-10-31,340.19
1768,12,2024-10-21,2024-10-01,2025-09-30,448.76,2025-10-31,489.57
1782,12,2024-10-10,2024-10-01,2025-09-30,331.35,2025-10-31,361.47
1788,12,2024-10-17,2024-10-01,2025-09-30,570.57,2025-10-31,622.42
1793,12,2024-10-26,2024-10-01,2025-09-30,697.42,2025-10-31,760.83
1799,12,2024-10-05,2024-10-01,2025-09-30,1123.95,2025-10-31,1226.14
1812,12,2024-10-30,2024-10-01,2025-09-30,984.94,2025-10-31,1074.47
1823,12,2024-10-31,2024-10-01,2025-09-30,977.20,2025-10-31,1066.03
1843,12,2024-10-15,2024-10-01,2025-09-30,1154.76,2025-10-31,1259.74
1849,12,2024-10-29,2024-10-01,2025-09-30,888.77,2025-10-31,969.57
1858,12,2024-10-15,2024-10-01,2025-09-30,720.76,2025-10-31,786.29
1868,12,2024-11-10,2024-11-01,2025-10-31,563.17,2025-11-30,614.36
1872,12,2024-11-07,2024-11-01,2025-10-31,322.26,2025-11-30,351.57
1874,12,2024-11-27,2024-11-01,2025-10-31,225.98,2025-11-30,246.52
1880,12,2024-11-08,2024-11-01,2025-10-31,525.63,2025-11-30,573.40
1892,12,2024-11-26,2024-11-01,2025-10-31,792.55,2025-11-30,864.59
1910,12,2024-11-17,2024-11-01,2025-10-31,385.27,2025-11-30,420.30
1915,12,2024-11-10,2024-11-01,2025-10-31,262.13,2025-11-30,285.96
1928,12,2024-11-29,2024-11-01,2025-10-31,238.30,2025-11-30,259.97
1932,12,2024-11-28,2024-11-01,2025-10-31,545.96,2025-11-30,595.58
1946,12,2024-11-02,2024-11-01,2025-10-31,1245.81,2025-11-30,1359.07
1950,12,2024-11-17,2024-11-01,2025-10-31,1043.51,2025-11-30,1138.38
1959,12,2024-11-12,2024-11-01,2025-10-31,464.52,2025-11-30,506.74
1964,12,2024-11-11,2024-11-01,2025-10-31,461.08,2025-11-30,503.00
1970,12,2024-11-27,2024-11-01,2025-10-31,475.86,2025-11-30,519.13
1973,12,2024-11-08,2024-11-01,2025-10-31,994.95,2025-11-30,1085.38
1980,12,2024-11-05,2024-11-01,2025-10-31,370.88,2025-11-30,404.60
1982,12,2024-11-27,2024-11-01,2025-10-31,1081.82,2025-11-30,1180.18
1985,12,2024-11-29,2024-11-01,2025-10-31,509.20,2025-11-30,555.50
1996,12,2024-11-01,2024-11-01,2025-10-31,685.08,2025-11-30,747.37
1997,12,2024-11-06,2024-11-01,2025-10-31,293.33,2025-11-30,320.00
1999,12,2024-11-07,2024-11-01,2025-10-31,368.43,2025-11-30,401.92
2015,12,2024-11-23,2024-11-01,2025-10-31,1128.55,2025-11-30,1231.16
2037,12,2024-11-24,2024-11-01,2025-10-31,310.89,2025-11-30,339.15
2042,12,2024-11-08,2024-11-01,2025-10-31,1107.81,2025-11-30,1208.53
2049,12,2024-11-08,2024-11-01,2025-10-31,372.33,2025-11-30,406.18
2058,12,2024-11-18,2024-11-01,2025-10-31,596.53,2025-11-30,650.76
2082,12,2024-11-28,2024-11-01,2025-10-31,391.47,2025-11-30,427.05
2098,12,2024-11-05,2024-11-01,2025-10-31,458.36,2025-11-30,500.02
2106,12,2024-11-03,2024-11-01,2025-10-31,560.34,2025-11-30,611.26
2110,12,2024-11-09,2024-11-01,2025-10-31,983.95,2025-11-30,1073.40
2118,12,2024-11-22,2024-11-01,2025-10-31,308.71,2025-11-30,336.75
2153,12,2024-12-22,2024-12-01,2025-11-30,587.12,2025-12-31,640.49
2183,12,2024-12-02,2024-12-01,2025-11-30,369.77,2025-12-31,403.38
2187,12,2024-12-15,2024-12-01,2025-11-30,606.71,2025-12-31,661.87
2192,12,2024-12-29,2024-12-01,2025-11-30,424.61,2025-12-31,463.20
2201,12,2024-12-09,2024-12-01,2025-11-30,611.71,2025-12-31,667.33
2210,12,2024-12-10,2024-12-01,2025-11-30,448.52,2025-12-31,489.29
2220,12,2024-12-25,2024-12-01,2025-11-30,411.16,2025-12-31,448.53
2226,12,2024-12-11,2024-12-01,2025-11-30,271.41,2025-12-31,296.08
2272,12,2024-12-17,2024-12-01,2025-11-30,575.63,2025-12-31,627.96
2274,12,2024-12-01,2024-12-01,2025-11-30,433.19,2025-12-31,472.58
2283,12,2024-12-22,2024-12-01,2025-11-30,817.10,2025-12-31,891.36
2291,12,2024-12-25,2024-12-01,2025-11-30,678.75,2025-12-31,740.46
2307,12,2024-12-13,2024-12-01,2025-11-30,320.65,2025-12-31,349.79
2311,12,2024-12-03,2024-12-01,2025-11-30,655.21,2025-12-31,714.78
2319,12,2024-12-31,2024-12-01,2025-11-30,588.66,2025-12-31,642.18
2337,12,2024-12-16,2024-12-01,2025-11-30,484.03,2025-12-31,528.02
2338,12,2024-12-10,2024-12-01,2025-11-30,379.83,2025-12-31,414.35
2353,12,2024-12-06,2024-12-01,2025-11-30,388.27,2025-12-31,423.54
2363,12,2024-12-10,2024-12-01,2025-11-30,411.62,2025-12-31,449.05
2370,12,2024-12-30,2024-12-01,2025-11-30,834.19,2025-12-31,910.03
2377,12,2024-12-18,2024-12-01,2025-11-30,436.72,2025-12-31,476.44
2389,12,2024-12-07,2024-12-01,2025-11-30,1369.83,2025-12-31,1494.38
2396,12,2024-12-25,2024-12-01,2025-11-30,869.92,2025-12-31,949.01
2398,12,2024-12-11,2024-12-01,2025-11-30,437.89,2025-12-31,477.69
2401,12,2024-12-04,2024-12-01,2025-11-30,748.98,2025-12-31,817.06
2414,12,2024-12-04,2024-12-01,2025-11-30,203.71,2025-12-31,222.22
2428,12,2024-12-01,2024-12-01,2025-11-30,772.57,2025-12-31,842.82
2435,12,2024-12-14,2024-12-01,2025-11-30,405.85,2025-12-31,442.76
2443,12,2024-12-02,2024-12-01,2025-11-30,480.98,2025-12-31,524.68
7177,12,2024-01-11,2024-01-01,2024-12-31,649.00,2025-01-31,708.00
7178,24,2024-05-27,2024-05-01,2025-04-30,160.93,2025-05-31,175.56
7179,12,2023-06-15,2023-06-01,2024-05-31,293.04,2024-06-30,319.68
7180,36,2023-04-19,2023-04-01,2024-03-31,114.40,2024-04-30,124.80
7181,36,2023-12-10,2023-12-01,2024-11-30,145.53,2024-12-31,158.76
7182,12,2023-04-03,2023-04-01,2024-03-31,290.84,2024-04-30,317.28
7183,24,2023-06-09,2023-06-01,2024-05-31,278.19,2024-06-30,303.48
7184,24,2024-12-05,2024-12-01,2025-11-30,422.73,2025-12-31,461.16
7185,36,2024-03-18,2024-03-01,2025-02-28,478.50,2025-03-31,522.00
7186,24,2023-11-18,2023-11-01,2024-10-31,470.03,2024-11-30,512.76
7187,12,2023-02-23,2023-02-01,2024-01-31,496.54,2024-02-29,541.68
7189,24,2023-12-19,2023-12-01,2024-11-30,562.65,2024-12-31,613.80
7191,24,2024-10-21,2024-10-01,2025-09-30,539.66,2025-10-31,588.72
7192,12,2023-03-24,2023-03-01,2024-02-29,1140.48,2024-03-31,1244.16
7193,36,2024-01-04,2024-01-01,2024-12-31,111.87,2025-01-31,122.04
7194,24,2023-05-10,2023-05-01,2024-04-30,381.04,2024-05-31,415.68
7195,36,2023-06-06,2023-06-01,2024-05-31,315.15,2024-06-30,343.80
7197,12,2023-07-08,2023-07-01,2024-06-30,302.61,2024-07-31,330.12
7198,12,2023-07-14,2023-07-01,2024-06-30,751.63,2024-07-31,819.96
7199,24,2023-11-26,2023-11-01,2024-10-31,161.26,2024-11-30,175.92
7200,12,2024-05-24,2024-05-01,2025-04-30,290.62,2025-05-31,317.04
7201,24,2023-09-06,2023-09-01,2024-08-31,333.63,2024-09-30,363.96
7205,12,2023-05-04,2023-05-01,2024-04-30,298.65,2024-05-31,325.80
7206,12,2024-07-01,2024-07-01,2025-06-30,332.53,2025-07-31,362.76
7207,12,2023-04-26,2023-04-01,2024-03-31,1246.74,2024-04-30,1360.08
7208,24,2024-12-18,2024-12-01,2025-11-30,345.07,2025-12-31,376.44
7209,24,2023-07-20,2023-07-01,2024-06-30,311.96,2024-07-31,340.32
7210,24,2023-08-16,2023-08-01,2024-07-31,246.84,2024-08-31,269.28
7211,12,2023-05-27,2023-05-01,2024-04-30,1111.77,2024-05-31,1212.84
7212,12,2024-12-08,2024-12-01,2025-11-30,349.69,2025-12-31,381.48
7215,12,2023-11-21,2023-11-01,2024-10-31,518.76,2024-11-30,565.92
7217,24,2023-05-20,2023-05-01,2024-04-30,225.83,2024-05-31,246.36
7218,36,2024-10-31,2024-10-01,2025-09-30,131.34,2025-10-31,143.28
7220,24,2023-11-29,2023-11-01,2024-10-31,274.34,2024-11-30,299.28
7221,24,2023-06-11,2023-06-01,2024-05-31,304.59,2024-06-30,332.28
7223,24,2023-10-17,2023-10-01,2024-09-30,159.39,2024-10-31,173.88
7225,36,2023-10-26,2023-10-01,2024-09-30,112.20,2024-10-31,122.40
7226,24,2024-12-25,2024-12-01,2025-11-30,166.43,2025-12-31,181.56
7227,36,2024-06-11,2024-06-01,2025-05-31,206.91,2025-06-30,225.72
7230,12,2024-12-25,2024-12-01,2025-11-30,560.89,2025-12-31,611.88
7232,24,2024-05-01,2024-05-01,2025-04-30,194.37,2025-05-31,212.04
7233,24,2024-05-01,2024-05-01,2025-04-30,159.72,2025-05-31,174.24
7235,36,2023-06-14,2023-06-01,2024-05-31,257.62,2024-06-30,281.04
7237,36,2024-12-05,2024-12-01,2025-11-30,200.64,2025-12-31,218.88
7238,36,2023-06-14,2023-06-01,2024-05-31,274.56,2024-06-30,299.52
7239,12,2024-06-02,2024-06-01,2025-05-31,488.84,2025-06-30,533.28
7240,36,2024-12-10,2024-12-01,2025-11-30,239.14,2025-12-31,260.88
7242,24,2024-09-07,2024-09-01,2025-08-31,294.91,2025-09-30,321.72
7243,24,2024-11-20,2024-11-01,2025-10-31,273.57,2025-11-30,298.44
7244,36,2024-02-27,2024-02-01,2025-01-31,177.98,2025-02-28,194.16
7247,12,2024-04-26,2024-04-01,2025-03-31,878.57,2025-04-30,958.44
7248,36,2024-12-31,2024-12-01,2025-11-30,237.60,2025-12-31,259.20
7249,24,2023-07-27,2023-07-01,2024-06-30,185.35,2024-07-31,202.20
7250,36,2024-01-24,2024-01-01,2024-12-31,357.28,2025-01-31,389.76
7251,24,2024-12-12,2024-12-01,2025-11-30,485.76,2025-12-31,529.92
7252,24,2024-09-18,2024-09-01,2025-08-31,879.34,2025-09-30,959.28
7254,12,2024-06-17,2024-06-01,2025-05-31,297.99,2025-06-30,325.08
7255,12,2024-02-22,2024-02-01,2025-01-31,454.08,2025-02-28,495.36
7256,24,2023-07-07,2023-07-01,2024-06-30,582.34,2024-07-31,635.28
7257,24,2023-07-28,2023-07-01,2024-06-30,160.27,2024-07-31,174.84
7258,24,2023-10-26,2023-10-01,2024-09-30,270.38,2024-10-31,294.96
7259,24,2023-06-15,2023-06-01,2024-05-31,182.27,2024-06-30,198.84
7261,12,2024-03-16,2024-03-01,2025-02-28,579.48,2025-03-31,632.16
7262,36,2024-01-21,2024-01-01,2024-12-31,199.87,2025-01-31,218.04
7264,24,2023-07-19,2023-07-01,2024-06-30,325.27,2024-07-31,354.84
7266,36,2023-12-07,2023-12-01,2024-11-30,248.49,2024-12-31,271.08
7267,12,2023-10-30,2023-10-01,2024-09-30,743.60,2024-10-31,811.20
7268,24,2024-10-06,2024-10-01,2025-09-30,164.78,2025-10-31,179.76
7269,36,2023-12-09,2023-12-01,2024-11-30,200.53,2024-12-31,218.76
7270,24,2023-06-30,2023-06-01,2024-05-31,485.98,2024-06-30,530.16
7271,24,2024-06-30,2024-06-01,2025-05-31,265.43,2025-06-30,289.56
7273,24,2024-04-09,2024-04-01,2025-03-31,170.83,2025-04-30,186.36
7274,24,2023-12-20,2023-12-01,2024-11-30,215.82,2024-12-31,235.44
7275,36,2023-07-27,2023-07-01,2024-06-30,268.40,2024-07-31,292.80
7276,24,2023-12-08,2023-12-01,2024-11-30,297.33,2024-12-31,324.36
7277,12,2024-05-18,2024-05-01,2025-04-30,339.68,2025-05-31,370.56
7278,36,2023-10-25,2023-10-01,2024-09-30,188.98,2024-10-31,206.16
7279,24,2024-10-13,2024-10-01,2025-09-30,390.72,2025-10-31,426.24
7280,24,2024-06-21,2024-06-01,2025-05-31,188.10,2025-06-30,205.20
7281,24,2023-11-28,2023-11-01,2024-10-31,320.87,2024-11-30,350.04
7283,36,2024-11-26,2024-11-01,2025-10-31,202.07,2025-11-30,220.44
7285,24,2023-09-01,2023-09-01,2024-08-31,500.39,2024-09-30,545.88
7287,36,2023-09-18,2023-09-01,2024-08-31,158.29,2024-09-30,172.68
7288,24,2024-07-21,2024-07-01,2025-06-30,287.65,2025-07-31,313.80
7289,24,2024-04-30,2024-04-01,2025-03-31,164.78,2025-04-30,179.76
7291,12,2024-01-06,2024-01-01,2024-12-31,301.29,2025-01-31,328.68
7292,24,2024-10-25,2024-10-01,2025-09-30,158.40,2025-10-31,172.80
7294,24,2024-10-06,2024-10-01,2025-09-30,172.48,2025-10-31,188.16
7295,36,2023-08-26,2023-08-01,2024-07-31,235.51,2024-08-31,256.92
7296,12,2024-08-13,2024-08-01,2025-07-31,310.20,2025-08-31,338.40
7297,36,2023-06-07,2023-06-01,2024-05-31,108.35,2024-06-30,118.20
7298,24,2023-12-05,2023-12-01,2024-11-30,317.79,2024-12-31,346.68
7299,12,2023-09-18,2023-09-01,2024-08-31,620.73,2024-09-30,677.16
7300,24,2024-02-16,2024-02-01,2025-01-31,196.79,2025-02-28,214.68
7301,24,2024-02-28,2024-02-01,2025-01-31,267.74,2025-02-28,292.08
7302,36,2023-11-11,2023-11-01,2024-10-31,139.70,2024-11-30,152.40
7304,12,2024-10-09,2024-10-01,2025-09-30,901.89,2025-10-31,983.88
7305,24,2023-12-28,2023-12-01,2024-11-30,180.73,2024-12-31,197.16
7306,36,2024-03-28,2024-03-01,2025-02-28,157.30,2025-03-31,171.60
7307,12,2024-11-09,2024-11-01,2025-10-31,782.32,2025-11-30,853.44
7308,24,2024-01-19,2024-01-01,2024-12-31,305.03,2025-01-31,332.76
7310,12,2024-01-30,2024-01-01,2024-12-31,761.09,2025-01-31,830.28
7311,36,2023-11-11,2023-11-01,2024-10-31,212.63,2024-11-30,231.96
7312,12,2024-01-23,2024-01-01,2024-12-31,632.39,2025-01-31,689.88
7313,12,2024-01-31,2024-01-01,2024-12-31,1072.72,2025-01-31,1170.24
7315,36,2023-09-25,2023-09-01,2024-08-31,214.72,2024-09-30,234.24
7316,24,2024-06-03,2024-06-01,2025-05-31,149.27,2025-06-30,162.84
7317,24,2024-03-05,2024-03-01,2025-02-28,282.15,2025-03-31,307.80
7318,12,2023-10-22,2023-10-01,2024-09-30,432.30,2024-10-31,471.60
7320,12,2023-09-02,2023-09-01,2024-08-31,364.21,2024-09-30,397.32
7321,24,2023-12-05,2023-12-01,2024-11-30,206.91,2024-12-31,225.72
7323,24,2023-09-03,2023-09-01,2024-08-31,303.16,2024-09-30,330.72
7324,24,2024-05-13,2024-05-01,2025-04-30,210.98,2025-05-31,230.16
7325,12,2023-11-12,2023-11-01,2024-10-31,291.50,2024-11-30,318.00
7326,12,2024-05-05,2024-05-01,2025-04-30,291.50,2025-05-31,318.00
7329,36,2024-08-16,2024-08-01,2025-07-31,162.47,2025-08-31,177.24
7330,24,2023-12-26,2023-12-01,2024-11-30,376.20,2024-12-31,410.40
7331,36,2024-10-08,2024-10-01,2025-09-30,269.94,2025-10-31,294.48
7332,12,2023-11-23,2023-11-01,2024-10-31,773.08,2024-11-30,843.36
7334,24,2024-10-20,2024-10-01,2025-09-30,164.34,2025-10-31,179.28
7336,12,2023-11-17,2023-11-01,2024-10-31,727.32,2024-11-30,793.44
7337,24,2023-11-13,2023-11-01,2024-10-31,214.17,2024-11-30,233.64
7338,36,2024-07-24,2024-07-01,2025-06-30,329.12,2025-07-31,359.04
7339,12,2023-12-17,2023-12-01,2024-11-30,301.84,2024-12-31,329.28
7342,12,2024-03-29,2024-03-01,2025-02-28,499.18,2025-03-31,544.56
7343,12,2024-07-31,2024-07-01,2025-06-30,766.48,2025-07-31,836.16
7344,24,2024-03-09,2024-03-01,2025-02-28,235.18,2025-03-31,256.56
7347,24,2024-09-02,2024-09-01,2025-08-31,301.07,2025-09-30,328.44
7348,12,2024-12-19,2024-12-01,2025-11-30,418.99,2025-12-31,457.08
7350,24,2024-08-13,2024-08-01,2025-07-31,250.91,2025-08-31,273.72
7351,24,2023-10-06,2023-10-01,2024-09-30,181.17,2024-10-31,197.64
7355,36,2024-08-08,2024-08-01,2025-07-31,155.87,2025-08-31,170.04
7356,12,2024-06-07,2024-06-01,2025-05-31,506.11,2025-06-30,552.12
7357,24,2024-04-16,2024-04-01,2025-03-31,177.32,2025-04-30,193.44
7361,24,2023-10-05,2023-10-01,2024-09-30,495.44,2024-10-31,540.48
7362,24,2024-05-25,2024-05-01,2025-04-30,362.45,2025-05-31,395.40
7364,24,2023-12-17,2023-12-01,2024-11-30,479.60,2024-12-31,523.20
7365,24,2024-06-28,2024-06-01,2025-05-31,209.88,2025-06-30,228.96
7366,36,2024-12-19,2024-12-01,2025-11-30,246.62,2025-12-31,269.04
7367,24,2023-10-11,2023-10-01,2024-09-30,219.56,2024-10-31,239.52
7368,24,2024-07-13,2024-07-01,2025-06-30,466.73,2025-07-31,509.16
7369,24,2024-03-23,2024-03-01,2025-02-28,167.31,2025-03-31,182.52
7370,24,2024-07-24,2024-07-01,2025-06-30,264.33,2025-07-31,288.36
7372,24,2024-01-05,2024-01-01,2024-12-31,423.94,2025-01-31,462.48
7373,12,2024-01-09,2024-01-01,2024-12-31,299.75,2025-01-31,327.00
7375,36,2023-11-11,2023-11-01,2024-10-31,107.58,2024-11-30,117.36
7376,12,2024-12-26,2024-12-01,2025-11-30,722.81,2025-12-31,788.52
7379,36,2023-12-02,2023-12-01,2024-11-30,291.28,2024-12-31,317.76
7380,12,2024-08-04,2024-08-01,2025-07-31,513.92,2025-08-31,560.64
7381,24,2024-05-29,2024-05-01,2025-04-30,439.67,2025-05-31,479.64
7382,36,2023-11-19,2023-11-01,2024-10-31,204.82,2024-11-30,223.44
7383,12,2024-03-19,2024-03-01,2025-02-28,303.71,2025-03-31,331.32
7384,12,2024-02-19,2024-02-01,2025-01-31,1032.13,2025-02-28,1125.96
7385,36,2023-12-16,2023-12-01,2024-11-30,177.43,2024-12-31,193.56
7387,24,2024-04-30,2024-04-01,2025-03-31,222.20,2025-04-30,242.40
7388,12,2024-01-31,2024-01-01,2024-12-31,462.99,2025-01-31,505.08
7389,36,2024-06-26,2024-06-01,2025-05-31,127.49,2025-06-30,139.08
7390,12,2023-11-06,2023-11-01,2024-10-31,394.46,2024-11-30,430.32
7391,24,2024-01-10,2024-01-01,2024-12-31,185.24,2025-01-31,202.08
7392,24,2024-03-06,2024-03-01,2025-02-28,156.31,2025-03-31,170.52
7393,24,2024-10-25,2024-10-01,2025-09-30,185.90,2025-10-31,202.80
7394,24,2024-02-25,2024-02-01,2025-01-31,299.53,2025-02-28,326.76
7397,24,2023-11-24,2023-11-01,2024-10-31,178.42,2024-11-30,194.64
7398,36,2024-03-28,2024-03-01,2025-02-28,104.94,2025-03-31,114.48
7399,36,2024-06-14,2024-06-01,2025-05-31,110.66,2025-06-30,120.72
7401,24,2024-12-13,2024-12-01,2025-11-30,227.70,2025-12-31,248.40
7402,24,2024-03-19,2024-03-01,2025-02-28,455.51,2025-03-31,496.92
7403,24,2024-11-30,2024-11-01,2025-10-31,314.05,2025-11-30,342.60
7404,24,2023-11-18,2023-11-01,2024-10-31,488.95,2024-11-30,533.40
7406,12,2024-10-23,2024-10-01,2025-09-30,1061.50,2025-10-31,1158.00
7407,24,2023-10-31,2023-10-01,2024-09-30,161.26,2024-10-31,175.92
7409,24,2024-07-23,2024-07-01,2025-06-30,215.05,2025-07-31,234.60
7412,24,2023-10-22,2023-10-01,2024-09-30,198.22,2024-10-31,216.24
7413,24,2024-01-25,2024-01-01,2024-12-31,171.05,2025-01-31,186.60
7414,24,2024-08-03,2024-08-01,2025-07-31,241.67,2025-08-31,263.64
7415,24,2024-12-29,2024-12-01,2025-11-30,614.79,2025-12-31,670.68
7417,36,2024-04-24,2024-04-01,2025-03-31,140.25,2025-04-30,153.00
7418,24,2023-12-15,2023-12-01,2024-11-30,230.45,2024-12-31,251.40
7420,12,2024-08-27,2024-08-01,2025-07-31,303.16,2025-08-31,330.72
7421,24,2024-04-09,2024-04-01,2025-03-31,245.96,2025-04-30,268.32
7422,36,2024-01-20,2024-01-01,2024-12-31,219.12,2025-01-31,239.04
7424,12,2023-12-12,2023-12-01,2024-11-30,360.58,2024-12-31,393.36
7425,12,2024-08-24,2024-08-01,2025-07-31,633.49,2025-08-31,691.08
7426,24,2024-10-12,2024-10-01,2025-09-30,218.68,2025-10-31,238.56
7430,24,2024-04-02,2024-04-01,2025-03-31,461.56,2025-04-30,503.52
7431,36,2024-04-19,2024-04-01,2025-03-31,146.96,2025-04-30,160.32
7432,24,2024-03-10,2024-03-01,2025-02-28,152.24,2025-03-31,166.08
7433,36,2024-03-11,2024-03-01,2025-02-28,278.85,2025-03-31,304.20
7435,24,2024-01-23,2024-01-01,2024-12-31,290.62,2025-01-31,317.04
7436,12,2023-10-27,2023-10-01,2024-09-30,345.51,2024-10-31,376.92
7437,24,2024-10-03,2024-10-01,2025-09-30,594.99,2025-10-31,649.08
7438,24,2024-08-25,2024-08-01,2025-07-31,215.82,2025-08-31,235.44
7439,24,2024-01-27,2024-01-01,2024-12-31,332.86,2025-01-31,363.12
7440,36,2024-08-04,2024-08-01,2025-07-31,151.14,2025-08-31,164.88
7441,12,2024-09-01,2024-09-01,2025-08-31,291.94,2025-09-30,318.48
7442,12,2024-06-03,2024-06-01,2025-05-31,1237.83,2025-06-30,1350.36
7443,36,2024-08-15,2024-08-01,2025-07-31,161.92,2025-08-31,176.64
7446,24,2024-07-29,2024-07-01,2025-06-30,288.64,2025-07-31,314.88
7450,36,2023-12-21,2023-12-01,2024-11-30,128.37,2024-12-31,140.04
7456,36,2024-09-05,2024-09-01,2025-08-31,266.42,2025-09-30,290.64
7458,24,2024-02-15,2024-02-01,2025-01-31,290.73,2025-02-28,317.16
7459,24,2024-01-30,2024-01-01,2024-12-31,195.36,2025-01-31,213.12
7460,24,2024-01-04,2024-01-01,2024-12-31,159.39,2025-01-31,173.88
7461,24,2024-06-09,2024-06-01,2025-05-31,244.64,2025-06-30,266.88
7462,24,2024-10-30,2024-10-01,2025-09-30,227.48,2025-10-31,248.16
7463,12,2023-11-20,2023-11-01,2024-10-31,502.92,2024-11-30,548.64
7464,24,2024-06-07,2024-06-01,2025-05-31,188.54,2025-06-30,205.68
7466,36,2024-03-23,2024-03-01,2025-02-28,152.46,2025-03-31,166.32
7468,36,2024-12-11,2024-12-01,2025-11-30,356.07,2025-12-31,388.44
7469,24,2024-03-20,2024-03-01,2025-02-28,280.06,2025-03-31,305.52
7470,12,2024-08-04,2024-08-01,2025-07-31,297.99,2025-08-31,325.08
7475,12,2024-08-09,2024-08-01,2025-07-31,381.15,2025-08-31,415.80
7477,24,2024-08-06,2024-08-01,2025-07-31,256.08,2025-08-31,279.36
7479,36,2023-12-11,2023-12-01,2024-11-30,216.37,2024-12-31,236.04
7480,24,2024-08-18,2024-08-01,2025-07-31,156.20,2025-08-31,170.40
7481,36,2024-01-03,2024-01-01,2024-12-31,242.88,2025-01-31,264.96
7484,24,2024-02-23,2024-02-01,2025-01-31,219.67,2025-02-28,239.64
7485,12,2024-08-22,2024-08-01,2025-07-31,668.25,2025-08-31,729.00
7486,24,2024-01-02,2024-01-01,2024-12-31,150.70,2025-01-31,164.40
7487,24,2024-01-18,2024-01-01,2024-12-31,557.26,2025-01-31,607.92
7489,24,2024-07-10,2024-07-01,2025-06-30,420.64,2025-07-31,458.88
7491,24,2024-06-22,2024-06-01,2025-05-31,163.79,2025-06-30,178.68
7492,36,2024-09-13,2024-09-01,2025-08-31,194.70,2025-09-30,212.40
7493,24,2024-06-17,2024-06-01,2025-05-31,660.11,2025-06-30,720.12
7494,24,2024-08-26,2024-08-01,2025-07-31,401.17,2025-08-31,437.64
7495,36,2024-07-01,2024-07-01,2025-06-30,141.57,2025-07-31,154.44
7497,36,2024-06-30,2024-06-01,2025-05-31,152.02,2025-06-30,165.84
7501,24,2024-08-03,2024-08-01,2025-07-31,471.57,2025-08-31,514.44
7504,36,2023-12-04,2023-12-01,2024-11-30,103.40,2024-12-31,112.80
7505,24,2024-03-28,2024-03-01,2025-02-28,251.57,2025-03-31,274.44
7508,12,2024-08-08,2024-08-01,2025-07-31,502.48,2025-08-31,548.16
7509,24,2023-12-25,2023-12-01,2024-11-30,378.84,2024-12-31,413.28
7510,24,2023-12-27,2023-12-01,2024-11-30,236.50,2024-12-31,258.00
7511,24,2024-08-10,2024-08-01,2025-07-31,255.97,2025-08-31,279.24
7513,12,2024-01-16,2024-01-01,2024-12-31,443.19,2025-01-31,483.48
7514,12,2024-03-05,2024-03-01,2025-02-28,322.85,2025-03-31,352.20
7515,36,2024-01-26,2024-01-01,2024-12-31,307.89,2025-01-31,335.88
7516,24,2024-03-10,2024-03-01,2025-02-28,651.09,2025-03-31,710.28
7518,24,2024-03-29,2024-03-01,2025-02-28,230.78,2025-03-31,251.76
7519,24,2024-07-15,2024-07-01,2025-06-30,151.36,2025-07-31,165.12
7522,24,2024-12-12,2024-12-01,2025-11-30,387.42,2025-12-31,422.64
7523,24,2024-10-19,2024-10-01,2025-09-30,567.93,2025-10-31,619.56
7525,36,2024-11-21,2024-11-01,2025-10-31,111.76,2025-11-30,121.92
7526,24,2024-08-09,2024-08-01,2025-07-31,186.89,2025-08-31,203.88
7528,24,2024-03-03,2024-03-01,2025-02-28,173.36,2025-03-31,189.12
7529,24,2024-11-25,2024-11-01,2025-10-31,202.51,2025-11-30,220.92
7530,24,2024-05-04,2024-05-01,2025-04-30,150.15,2025-05-31,163.80
7531,36,2024-01-31,2024-01-01,2024-12-31,179.63,2025-01-31,195.96
7533,36,2024-09-29,2024-09-01,2025-08-31,234.30,2025-09-30,255.60
7534,12,2024-07-06,2024-07-01,2025-06-30,549.45,2025-07-31,599.40
7535,24,2024-03-22,2024-03-01,2025-02-28,196.57,2025-03-31,214.44
7537,12,2024-11-20,2024-11-01,2025-10-31,290.07,2025-11-30,316.44
7538,24,2024-02-05,2024-02-01,2025-01-31,229.02,2025-02-28,249.84
7539,24,2024-07-12,2024-07-01,2025-06-30,492.69,2025-07-31,537.48
7540,24,2024-11-05,2024-11-01,2025-10-31,213.18,2025-11-30,232.56
7541,12,2024-08-09,2024-08-01,2025-07-31,329.67,2025-08-31,359.64
7544,24,2024-02-15,2024-02-01,2025-01-31,231.77,2025-02-28,252.84
7546,36,2024-04-15,2024-04-01,2025-03-31,183.59,2025-04-30,200.28
7547,24,2024-08-02,2024-08-01,2025-07-31,153.12,2025-08-31,167.04
7549,24,2024-08-01,2024-08-01,2025-07-31,158.51,2025-08-31,172.92
7550,24,2024-11-01,2024-11-01,2025-10-31,230.12,2025-11-30,251.04
7551,36,2024-06-26,2024-06-01,2025-05-31,313.72,2025-06-30,342.24
7552,12,2024-07-06,2024-07-01,2025-06-30,775.06,2025-07-31,845.52
7553,24,2024-06-09,2024-06-01,2025-05-31,441.32,2025-06-30,481.44
7554,12,2024-07-18,2024-07-01,2025-06-30,367.95,2025-07-31,401.40
7555,24,2024-03-27,2024-03-01,2025-02-28,322.08,2025-03-31,351.36
7556,12,2024-11-11,2024-11-01,2025-10-31,435.38,2025-11-30,474.96
7557,12,2024-07-15,2024-07-01,2025-06-30,572.99,2025-07-31,625.08
7558,24,2024-08-30,2024-08-01,2025-07-31,303.60,2025-08-31,331.20
7559,36,2024-02-21,2024-02-01,2025-01-31,143.22,2025-02-28,156.24
7560,24,2024-02-29,2024-02-01,2025-01-31,192.17,2025-02-28,209.64
7561,24,2024-12-10,2024-12-01,2025-11-30,459.03,2025-12-31,500.76
7562,36,2024-09-29,2024-09-01,2025-08-31,279.95,2025-09-30,305.40
7564,12,2024-09-15,2024-09-01,2025-08-31,295.02,2025-09-30,321.84
7565,36,2024-01-28,2024-01-01,2024-12-31,132.22,2025-01-31,144.24
7567,12,2024-05-29,2024-05-01,2025-04-30,297.00,2025-05-31,324.00
7569,36,2024-08-11,2024-08-01,2025-07-31,324.28,2025-08-31,353.76
7570,12,2024-12-29,2024-12-01,2025-11-30,663.08,2025-12-31,723.36
7571,24,2024-02-09,2024-02-01,2025-01-31,410.08,2025-02-28,447.36
7573,24,2024-08-10,2024-08-01,2025-07-31,266.53,2025-08-31,290.76
7574,36,2024-06-30,2024-06-01,2025-05-31,259.38,2025-06-30,282.96
7575,12,2024-01-30,2024-01-01,2024-12-31,364.98,2025-01-31,398.16
7576,24,2024-05-16,2024-05-01,2025-04-30,160.05,2025-05-31,174.60
7578,24,2024-05-27,2024-05-01,2025-04-30,353.87,2025-05-31,386.04
7581,36,2024-05-25,2024-05-01,2025-04-30,112.42,2025-05-31,122.64
7582,36,2024-11-10,2024-11-01,2025-10-31,163.02,2025-11-30,177.84
7583,24,2024-05-31,2024-05-01,2025-04-30,360.03,2025-05-31,392.76
7584,24,2024-05-28,2024-05-01,2025-04-30,156.97,2025-05-31,171.24
7585,12,2024-09-17,2024-09-01,2025-08-31,454.74,2025-09-30,496.08
7586,36,2024-02-29,2024-02-01,2025-01-31,334.95,2025-02-28,365.40
7587,36,2024-05-03,2024-05-01,2025-04-30,297.00,2025-05-31,324.00
7589,12,2024-03-09,2024-03-01,2025-02-28,390.17,2025-03-31,425.64
7590,24,2024-07-07,2024-07-01,2025-06-30,372.35,2025-07-31,406.20
7591,12,2024-03-28,2024-03-01,2025-02-28,602.03,2025-03-31,656.76
7592,36,2024-12-31,2024-12-01,2025-11-30,135.41,2025-12-31,147.72
7593,36,2024-11-04,2024-11-01,2025-10-31,173.69,2025-11-30,189.48
7594,24,2024-05-14,2024-05-01,2025-04-30,198.88,2025-05-31,216.96
7595,12,2024-04-26,2024-04-01,2025-03-31,704.11,2025-04-30,768.12
7596,12,2024-11-12,2024-11-01,2025-10-31,400.51,2025-11-30,436.92
7599,36,2024-06-23,2024-06-01,2025-05-31,252.89,2025-06-30,275.88
7601,12,2024-06-19,2024-06-01,2025-05-31,639.65,2025-06-30,697.80
7602,36,2024-05-30,2024-05-01,2025-04-30,159.94,2025-05-31,174.48
7603,36,2024-10-30,2024-10-01,2025-09-30,241.89,2025-10-31,263.88
7605,12,2024-09-22,2024-09-01,2025-08-31,2018.61,2025-09-30,2202.12
7607,36,2024-08-20,2024-08-01,2025-07-31,112.42,2025-08-31,122.64
7608,24,2024-12-21,2024-12-01,2025-11-30,154.88,2025-12-31,168.96
7609,12,2024-06-07,2024-06-01,2025-05-31,798.82,2025-06-30,871.44
7610,24,2024-03-21,2024-03-01,2025-02-28,204.49,2025-03-31,223.08
7611,24,2024-03-02,2024-03-01,2025-02-28,149.71,2025-03-31,163.32
7613,24,2024-07-18,2024-07-01,2025-06-30,417.67,2025-07-31,455.64
7614,12,2024-12-10,2024-12-01,2025-11-30,611.71,2025-12-31,667.32
7619,24,2024-02-16,2024-02-01,2025-01-31,154.66,2025-02-28,168.72
7621,12,2024-04-26,2024-04-01,2025-03-31,761.20,2025-04-30,830.40
7624,36,2024-07-03,2024-07-01,2025-06-30,191.84,2025-07-31,209.28
7625,12,2024-12-20,2024-12-01,2025-11-30,973.83,2025-12-31,1062.36
7626,24,2024-04-08,2024-04-01,2025-03-31,169.40,2025-04-30,184.80
7627,36,2024-09-26,2024-09-01,2025-08-31,190.63,2025-09-30,207.96
7629,24,2024-12-19,2024-12-01,2025-11-30,458.92,2025-12-31,500.64
7631,36,2024-06-16,2024-06-01,2025-05-31,161.37,2025-06-30,176.04
7632,24,2024-07-07,2024-07-01,2025-06-30,253.66,2025-07-31,276.72
7636,12,2024-09-22,2024-09-01,2025-08-31,1158.96,2025-09-30,1264.32
7637,36,2024-03-01,2024-03-01,2025-02-28,348.92,2025-03-31,380.64
7639,12,2024-11-30,2024-11-01,2025-10-31,799.37,2025-11-30,872.04
7641,24,2024-04-29,2024-04-01,2025-03-31,613.36,2025-04-30,669.12
7644,36,2024-07-20,2024-07-01,2025-06-30,190.85,2025-07-31,208.20
7646,36,2024-08-11,2024-08-01,2025-07-31,129.47,2025-08-31,141.24
7651,24,2024-09-22,2024-09-01,2025-08-31,302.17,2025-09-30,329.64
7653,12,2024-11-26,2024-11-01,2025-10-31,552.64,2025-11-30,602.88
7656,36,2024-09-21,2024-09-01,2025-08-31,119.90,2025-09-30,130.80
7658,24,2024-06-30,2024-06-01,2025-05-31,420.97,2025-06-30,459.24
7660,12,2024-12-09,2024-12-01,2025-11-30,743.05,2025-12-31,810.60
7661,24,2024-12-12,2024-12-01,2025-11-30,339.35,2025-12-31,370.20
7662,36,2024-08-07,2024-08-01,2025-07-31,111.32,2025-08-31,121.44
7665,36,2024-05-29,2024-05-01,2025-04-30,160.82,2025-05-31,175.44
7667,36,2024-12-01,2024-12-01,2025-11-30,158.40,2025-12-31,172.80
7670,24,2024-06-15,2024-06-01,2025-05-31,473.11,2025-06-30,516.12
7673,36,2024-07-14,2024-07-01,2025-06-30,223.74,2025-07-31,244.08
7675,12,2024-09-22,2024-09-01,2025-08-31,435.49,2025-09-30,475.08
7676,36,2024-10-16,2024-10-01,2025-09-30,268.73,2025-10-31,293.16
7677,24,2024-12-11,2024-12-01,2025-11-30,273.68,2025-12-31,298.56
7680,12,2024-09-05,2024-09-01,2025-08-31,299.86,2025-09-30,327.12
7683,12,2024-05-30,2024-05-01,2025-04-30,441.87,2025-05-31,482.04
7684,12,2024-12-12,2024-12-01,2025-11-30,292.60,2025-12-31,319.20
7685,36,2024-08-24,2024-08-01,2025-07-31,123.86,2025-08-31,135.12
7686,12,2024-08-09,2024-08-01,2025-07-31,823.68,2025-08-31,898.56
7694,12,2024-08-18,2024-08-01,2025-07-31,762.74,2025-08-31,832.08
7701,24,2024-07-08,2024-07-01,2025-06-30,250.25,2025-07-31,273.00
7702,12,2024-07-10,2024-07-01,2025-06-30,1404.70,2025-07-31,1532.40
7704,12,2024-08-25,2024-08-01,2025-07-31,388.52,2025-08-31,423.84
7705,24,2024-11-29,2024-11-01,2025-10-31,152.24,2025-11-30,166.08
7710,36,2024-09-11,2024-09-01,2025-08-31,130.90,2025-09-30,142.80
7711,36,2024-09-30,2024-09-01,2025-08-31,111.21,2025-09-30,121.32
7712,36,2024-06-10,2024-06-01,2025-05-31,283.58,2025-06-30,309.36
7714,12,2024-10-01,2024-10-01,2025-09-30,547.25,2025-10-31,597.00
7715,24,2024-08-02,2024-08-01,2025-07-31,160.93,2025-08-31,175.56
7717,12,2024-07-26,2024-07-01,2025-06-30,318.67,2025-07-31,347.64
7720,24,2024-09-04,2024-09-01,2025-08-31,444.40,2025-09-30,484.80
7724,24,2024-10-21,2024-10-01,2025-09-30,270.82,2025-10-31,295.44
7728,36,2024-12-23,2024-12-01,2025-11-30,146.19,2025-12-31,159.48
7729,36,2024-07-07,2024-07-01,2025-06-30,216.81,2025-07-31,236.52
7731,12,2024-05-29,2024-05-01,2025-04-30,700.59,2025-05-31,764.28
7732,24,2024-10-27,2024-10-01,2025-09-30,198.33,2025-10-31,216.36
7733,36,2024-12-01,2024-12-01,2025-11-30,196.13,2025-12-31,213.96
7735,12,2024-11-16,2024-11-01,2025-10-31,567.27,2025-11-30,618.84
7737,36,2024-09-04,2024-09-01,2025-08-31,253.99,2025-09-30,277.08
7738,24,2024-09-23,2024-09-01,2025-08-31,156.97,2025-09-30,171.24
7739,24,2024-06-23,2024-06-01,2025-05-31,322.41,2025-06-30,351.72
7741,24,2024-11-17,2024-11-01,2025-10-31,224.95,2025-11-30,245.40
7751,12,2024-12-03,2024-12-01,2025-11-30,348.04,2025-12-31,379.68
7753,24,2024-11-08,2024-11-01,2025-10-31,229.13,2025-11-30,249.96
7757,36,2024-07-04,2024-07-01,2025-06-30,206.69,2025-07-31,225.48
7759,36,2024-10-11,2024-10-01,2025-09-30,268.51,2025-10-31,292.92
7760,24,2024-08-09,2024-08-01,2025-07-31,366.52,2025-08-31,399.84
7762,36,2024-09-24,2024-09-01,2025-08-31,110.66,2025-09-30,120.72
7763,24,2024-07-21,2024-07-01,2025-06-30,167.20,2025-07-31,182.40
7764,12,2024-11-01,2024-11-01,2025-10-31,1190.20,2025-11-30,1298.40
7765,24,2024-09-16,2024-09-01,2025-08-31,340.12,2025-09-30,371.04
7770,36,2024-11-03,2024-11-01,2025-10-31,116.82,2025-11-30,127.44
7772,24,2024-08-20,2024-08-01,2025-07-31,196.13,2025-08-31,213.96
7775,36,2024-09-21,2024-09-01,2025-08-31,109.45,2025-09-30,119.40
7782,36,2024-12-11,2024-12-01,2025-11-30,111.32,2025-12-31,121.44
7783,24,2024-09-30,2024-09-01,2025-08-31,153.34,2025-09-30,167.28
7786,12,2024-11-01,2024-11-01,2025-10-31,302.28,2025-11-30,329.76
7790,12,2024-09-26,2024-09-01,2025-08-31,304.26,2025-09-30,331.92
7791,12,2024-12-16,2024-12-01,2025-11-30,296.34,2025-12-31,323.28
7794,24,2024-10-17,2024-10-01,2025-09-30,162.58,2025-10-31,177.36
7798,36,2024-10-31,2024-10-01,2025-09-30,324.83,2025-10-31,354.36
7800,12,2024-12-05,2024-12-01,2025-11-30,404.03,2025-12-31,440.76
7801,12,2024-11-13,2024-11-01,2025-10-31,297.55,2025-11-30,324.60
7805,36,2024-10-15,2024-10-01,2025-09-30,533.83,2025-10-31,582.36
7807,36,2024-10-27,2024-10-01,2025-09-30,224.18,2025-10-31,244.56
7809,36,2024-08-24,2024-08-01,2025-07-31,334.07,2025-08-31,364.44
7811,12,2024-08-07,2024-08-01,2025-07-31,453.75,2025-08-31,495.00
7815,12,2024-10-30,2024-10-01,2025-09-30,390.17,2025-10-31,425.64
7818,12,2024-11-22,2024-11-01,2025-10-31,392.48,2025-11-30,428.16
7821,36,2024-07-26,2024-07-01,2025-06-30,122.54,2025-07-31,133.68
7822,36,2024-11-04,2024-11-01,2025-10-31,175.45,2025-11-30,191.40
7823,24,2024-08-11,2024-08-01,2025-07-31,510.62,2025-08-31,557.04
7825,24,2024-07-24,2024-07-01,2025-06-30,434.94,2025-07-31,474.48
7827,24,2024-10-28,2024-10-01,2025-09-30,348.59,2025-10-31,380.28
7829,24,2024-10-23,2024-10-01,2025-09-30,236.72,2025-10-31,258.24
7834,12,2024-10-16,2024-10-01,2025-09-30,307.78,2025-10-31,335.76
7836,24,2024-09-02,2024-09-01,2025-08-31,242.88,2025-09-30,264.96
7843,36,2024-07-27,2024-07-01,2025-06-30,153.12,2025-07-31,167.04
7844,24,2024-12-28,2024-12-01,2025-11-30,197.45,2025-12-31,215.40
7849,12,2024-12-29,2024-12-01,2025-11-30,775.39,2025-12-31,845.88
7852,24,2024-12-01,2024-12-01,2025-11-30,408.43,2025-12-31,445.56
7855,36,2024-12-11,2024-12-01,2025-11-30,211.97,2025-12-31,231.24
7856,24,2024-09-06,2024-09-01,2025-08-31,301.95,2025-09-30,329.40
7860,24,2024-12-24,2024-12-01,2025-11-30,277.97,2025-12-31,303.24
7862,36,2024-12-16,2024-12-01,2025-11-30,193.93,2025-12-31,211.56
7863,24,2024-10-05,2024-10-01,2025-09-30,156.86,2025-10-31,171.12
7864,36,2024-11-14,2024-11-01,2025-10-31,184.47,2025-11-30,201.24
7868,36,2024-08-20,2024-08-01,2025-07-31,253.55,2025-08-31,276.60
7870,12,2024-12-12,2024-12-01,2025-11-30,845.57,2025-12-31,922.44
7873,24,2024-11-02,2024-11-01,2025-10-31,573.98,2025-11-30,626.16
7875,12,2024-11-11,2024-11-01,2025-10-31,294.69,2025-11-30,321.48
7878,24,2024-12-27,2024-12-01,2025-11-30,317.90,2025-12-31,346.80
7890,24,2024-10-10,2024-10-01,2025-09-30,352.33,2025-10-31,384.36
7894,36,2024-11-20,2024-11-01,2025-10-31,154.66,2025-11-30,168.72
7896,36,2024-12-07,2024-12-01,2025-11-30,197.34,2025-12-31,215.28
7897,24,2024-12-26,2024-12-01,2025-11-30,380.82,2025-12-31,415.44
7913,12,2024-10-08,2024-10-01,2025-09-30,312.18,2025-10-31,340.56
7914,12,2024-08-31,2024-08-01,2025-07-31,375.98,2025-08-31,410.16
7917,24,2024-11-03,2024-11-01,2025-10-31,400.18,2025-11-30,436.56
7918,24,2024-12-22,2024-12-01,2025-11-30,213.73,2025-12-31,233.16
7921,36,2024-11-14,2024-11-01,2025-10-31,231.22,2025-11-30,252.24
7925,24,2024-12-08,2024-12-01,2025-11-30,287.10,2025-12-31,313.20
7927,36,2024-12-09,2024-12-01,2025-11-30,268.84,2025-12-31,293.28
7929,24,2024-11-20,2024-11-01,2025-10-31,159.50,2025-11-30,174.00
7935,24,2024-10-20,2024-10-01,2025-09-30,230.45,2025-10-31,251.40
7939,36,2024-11-02,2024-11-01,2025-10-31,165.88,2025-11-30,180.96
7959,24,2024-10-24,2024-10-01,2025-09-30,197.67,2025-10-31,215.64
7963,12,2024-11-06,2024-11-01,2025-10-31,295.90,2025-11-30,322.80
7966,36,2024-12-17,2024-12-01,2025-11-30,309.32,2025-12-31,337.44
7978,12,2024-12-31,2024-12-01,2025-11-30,561.11,2025-12-31,612.12
7982,24,2024-11-11,2024-11-01,2025-10-31,212.63,2025-11-30,231.96
7990,24,2024-12-26,2024-12-01,2025-11-30,328.46,2025-12-31,358.32
7993,24,2024-12-26,2024-12-01,2025-11-30,189.20,2025-12-31,206.40
7996,24,2024-11-15,2024-11-01,2025-10-31,202.95,2025-11-30,221.40
8017,12,2024-12-28,2024-12-01,2025-11-30,302.17,2025-12-31,329.64
8037,24,2024-12-17,2024-12-01,2025-11-30,247.39,2025-12-31,269.88
8049,36,2024-12-31,2024-12-01,2025-11-30,159.39,2025-12-31,173.88
